"Env","Hybrid","Pollen_DAP_days","Silk_DAP_days","ASI","Plant_Height_cm","Ear_Height_cm","EHC","Yield_Mg_ha","Grain_Moisture","Twt_kg_m3"
"DEH1_2021","B14A/OH43",71.2,71.8,0.6,245.3,124.2,0.506318793,9.94,16.76071,763.85509
"DEH1_2021","B37/H95",72.7,74.2,1.5,249.5,124.8,0.500200401,11.62,20.03,758.58
"DEH1_2021","B37/MO17",71.7,74.2,2.5,250.3,134.7,0.538154215,10.51,20.73,717.18
"DEH1_2021","B37/OH43",71,73,2,248.8,122.7,0.493167203,11.04,16.76071,701.09
"DEH1_2021","B73/MO17",73.5,74.5,1,262,140.3,0.535496183,12.87,19.53,724.69
"DEH1_2021","B73/PHM49",73.5,74.5,1,261,148.3,0.568199234,13.13,18.67,750.64
"DEH1_2021","B73/PHN82",71.7,72.5,0.8,242.2,132.5,0.547068538,12.37,17.08,776.6
"DEH1_2021","B73/TX779",69.5465,69.9035,1.5,249,145.3,0.583534137,10.22,16.76071,717.61
"DEH1_2021","CG44/CGR01",65,64.8,-0.2,212.5,108.8,0.512,9.76,15.07,745.92
"DEH1_2021","F42/H95",72,73,1,251.2,135.8,0.540605096,11.7,18.93,765.45
"DEH1_2021","F42/MO17",71.7,72.7,1,253.8,135.2,0.532702916,13.76,18.77,739.27
"DEH1_2021","F42/OH43",71,72.3,1.3,259.2,135.3,0.521990741,12.06,16.76071,708.17
"DEH1_2021","LH74/PHN82",71.2,71.5,0.3,226.2,113.2,0.500442087,11.66,17.8,763.09
"DEH1_2021","PHW52/PHM49",72.5,73.3,0.8,249.2,130,0.521669342,14.24,19.58,737.99
"DEH1_2021","TX714/TX779",69.5465,69.9035,1,270.8,162.5,0.600073855,12.32,16.76071,710.74
"DEH1_2021","TX777/LH195",69.5465,69.9035,1.2,254.8,143.8,0.564364207,13.58,16.76071,763.85509
"DEH1_2021","TX779/LH195",69.5465,69.9035,1.6,247.9,144.3,0.582089552,11.84,16.76071,713.96
"DEH1_2021","W10004_0006/PHK76",66,66,0,238,128,0.537815126,11.49,14.9,778.75
"DEH1_2021","W10004_0006/PHP02",68,68,0,244,136,0.557377049,11.31,16.5,732.41
"DEH1_2021","W10004_0006/PHZ51",70,71,1,236,118,0.5,10.53,15.5,771.02
"DEH1_2021","W10004_0007/PHK76",68,68,0,219,112,0.511415525,11.56,15.6,787.76
"DEH1_2021","W10004_0007/PHP02",67,66,-1,225,114,0.506666667,13.02,15.8,767.16
"DEH1_2021","W10004_0007/PHZ51",70,71,1,249,127,0.510040161,9.57,14.8,790.33
"DEH1_2021","W10004_0008/PHK76",71,71,0,219,120,0.547945205,11.72,18,777.46
"DEH1_2021","W10004_0008/PHP02",72,72,0,236,130,0.550847458,8.14,16.2,743.99
"DEH1_2021","W10004_0008/PHZ51",72,72,0,258,134,0.519379845,13.95,16.4,762.01
"DEH1_2021","W10004_0010/PHP02",68,69,1,251,121,0.482071713,15.28,19.2,736.27
"DEH1_2021","W10004_0010/PHZ51",71,70,-1,269,126,0.468401487,10.99,15.9,769.74
"DEH1_2021","W10004_0011/PHK76",68.5,68,-0.5,235.5,106,0.450106157,10.68,16.05,789.69
"DEH1_2021","W10004_0011/PHZ51",70,71,1,268,120,0.447761194,10.27,15.9,764.59
"DEH1_2021","W10004_0013/PHK76",68,68,0,245,119,0.485714286,7.57,15.1,776.17
"DEH1_2021","W10004_0013/PHP02",68.5,68.5,0,232,128,0.551724138,9.08,16.95,746.57
"DEH1_2021","W10004_0013/PHZ51",69.5,68.5,-1,237.5,120,0.505263158,7.96,15.45,764.59
"DEH1_2021","W10004_0014/PHK76",70,71,1,251,139,0.553784861,14.34,17.8,774.89
"DEH1_2021","W10004_0014/PHP02",69,70,1,260,133,0.511538462,13.1,18.8,736.27
"DEH1_2021","W10004_0014/PHZ51",74,74,0,240,132,0.55,10.94,17.4,753
"DEH1_2021","W10004_0018/PHK76",70,71,1,244,122,0.5,10.64,14.4,813.5
"DEH1_2021","W10004_0018/PHP02",69,68.5,-0.5,244,134,0.549180328,10.16,15.3,767.81
"DEH1_2021","W10004_0026/PHK76",68,68,0,240,134,0.558333333,9.72,14.6,794.19
"DEH1_2021","W10004_0026/PHP02",70,69,-1,247,119,0.481781377,11.4,16,756.86
"DEH1_2021","W10004_0026/PHZ51",70,70,0,241,109,0.452282158,10.46,15.8,771.02
"DEH1_2021","W10004_0027/PHK76",70,70,0,208,94,0.451923077,12.37,14.7,776.17
"DEH1_2021","W10004_0027/PHP02",69,69,0,243,122,0.502057613,12.09,17.4,723.4
"DEH1_2021","W10004_0031/PHK76",69,70,1,247,141,0.570850202,11.7,15.5,795.48
"DEH1_2021","W10004_0031/PHZ51",71,71,0,269,136,0.505576208,9.51,17.7,765.88
"DEH1_2021","W10004_0032/PHK76",67,66,-1,219,102,0.465753425,12.65,15,791.62
"DEH1_2021","W10004_0032/PHP02",66,65,-1,221,124,0.561085973,11.65,16.2,747.85
"DEH1_2021","W10004_0032/PHZ51",70,69,-1,222,110,0.495495495,10.2,14.8,782.61
"DEH1_2021","W10004_0034/PHK76",70,70,0,227,114,0.502202643,10.33,14.8,776.17
"DEH1_2021","W10004_0034/PHP02",70,70,0,257,140,0.544747082,13.04,16.4,729.83
"DEH1_2021","W10004_0034/PHZ51",72,73,1,251,121,0.482071713,8.93,16.5,750.43
"DEH1_2021","W10004_0035/PHK76",71,71,0,230,120,0.52173913,13.42,17.5,765.88
"DEH1_2021","W10004_0035/PHP02",66,66,0,224,118,0.526785714,13.58,16.4,728.55
"DEH1_2021","W10004_0037/PHK76",71,71,0,246.5,140,0.567951318,11.02,16.5,805.78
"DEH1_2021","W10004_0037/PHP02",70,70.5,0.5,249.5,151,0.605210421,11.56,17.5,767.81
"DEH1_2021","W10004_0037/PHZ51",71,72,1,265,150,0.566037736,6.93,17.1,777.46
"DEH1_2021","W10004_0038/PHK76",69,69.5,0.5,234.5,134,0.571428571,10.47,16.05,773.6
"DEH1_2021","W10004_0038/PHZ51",70,71,1,248,156,0.629032258,11.24,16,749.14
"DEH1_2021","W10004_0039/PHK76",69,69,0,251,144,0.573705179,6.6,15.4,804.49
"DEH1_2021","W10004_0039/PHP02",68,68,0,251,129,0.513944223,10.89,16.3,764.59
"DEH1_2021","W10004_0039/PHZ51",70,71,1,241,119,0.493775934,9.82,16,777.46
"DEH1_2021","W10004_0041/PHK76",70,71,1,238,119,0.5,13.34,17.1,767.16
"DEH1_2021","W10004_0041/PHP02",68.5,69.5,1,239.5,112,0.467640919,11.93,17.45,740.13
"DEH1_2021","W10004_0041/PHZ51",71.5,71.5,0,244.5,117.5,0.480572597,11.88,17.5,751.72
"DEH1_2021","W10004_0042/PHK76",70,70,0,238,130,0.546218487,11.17,15.8,786.47
"DEH1_2021","W10004_0042/PHP02",69,70,1,239,115,0.481171548,11.11,15.8,777.46
"DEH1_2021","W10004_0042/PHZ51",69,69,0,247,123,0.497975709,9.27,15.6,772.31
"DEH1_2021","W10004_0045/PHK76",69,68,-1,256,127,0.49609375,12.41,17,774.89
"DEH1_2021","W10004_0045/PHP02",70,70,0,241,146,0.605809129,12.44,18.8,750.43
"DEH1_2021","W10004_0046/PHK76",69,69,0,226.3,114.3,0.50508175,9.18,14.77,745.71
"DEH1_2021","W10004_0046/PHP02",69,69,0,214,103,0.481308411,13.43,15.4,732.41
"DEH1_2021","W10004_0046/PHZ51",70,71,1,276,152,0.550724638,7.75,14.9,742.71
"DEH1_2021","W10004_0047/PHK76",70,70,0,214,101,0.471962617,10.78,16.2,794.19
"DEH1_2021","W10004_0047/PHP02",69,70,1,238,104,0.43697479,11.43,17.1,750.43
"DEH1_2021","W10004_0047/PHZ51",71,73,2,224,106,0.473214286,5.84,17.4,741.42
"DEH1_2021","W10004_0053/PHK76",70,69,-1,250,134,0.536,6.64,16.4,786.47
"DEH1_2021","W10004_0053/PHP02",70,71,1,225,114,0.506666667,13.11,18,738.84
"DEH1_2021","W10004_0053/PHZ51",74,75,1,240,127,0.529166667,6.97,18.6,760.73
"DEH1_2021","W10004_0055/PHK76",72,72,0,237,142,0.599156118,8.88,15.7,773.6
"DEH1_2021","W10004_0055/PHP02",70,71,1,244,137,0.56147541,10.47,17.7,768.45
"DEH1_2021","W10004_0055/PHZ51",72,73,1,227,115,0.50660793,8.09,17.2,755.58
"DEH1_2021","W10004_0059/PHP02",66,66,0,234,110,0.47008547,10.42,16.2,749.14
"DEH1_2021","W10004_0061/PHK76",70,69,-1,226,109,0.482300885,11.25,16.5,791.62
"DEH1_2021","W10004_0061/PHP02",66,67,1,209,103,0.492822967,7.4,15.9,755.58
"DEH1_2021","W10004_0061/PHZ51",70,71,1,255,124,0.48627451,9.87,16.9,769.74
"DEH1_2021","W10004_0062/PHK76",69,69,0,230,105,0.456521739,9.62,20.7,720.82
"DEH1_2021","W10004_0062/PHZ51",70,71,1,223,99,0.443946188,8.89,16.5,727.26
"DEH1_2021","W10004_0063/PHK76",70,69,-1,261,138,0.528735632,7.82,15,765.88
"DEH1_2021","W10004_0063/PHP02",69,71,2,254,142,0.559055118,12.15,17.5,758.15
"DEH1_2021","W10004_0063/PHZ51",70,70,0,264,136,0.515151515,8.87,14.2,745.28
"DEH1_2021","W10004_0064/PHK76",68,68,0,223,114,0.511210762,10.33,14.6,780.03
"DEH1_2021","W10004_0064/PHP02",67,66,-1,233,113,0.484978541,9.48,16.3,755.58
"DEH1_2021","W10004_0065/PHK76",69,68,-1,223,125,0.560538117,10.83,17.9,747.85
"DEH1_2021","W10004_0065/PHP02",67.5,68.5,1,219.5,110.5,0.503416856,9.76,17,719.54
"DEH1_2021","W10004_0065/PHZ51",69.5,70,0.5,239,127,0.531380753,11.76,15.45,760.73
"DEH1_2021","W10004_0068/PHK76",70,69,-1,236,125,0.529661017,10.78,15.9,809.64
"DEH1_2021","W10004_0068/PHP02",70,70,0,246,137,0.556910569,14.39,17.3,759.44
"DEH1_2021","W10004_0068/PHZ51",72,72,0,262,121,0.461832061,11.42,15.6,791.62
"DEH1_2021","W10004_0069/PHK76",68,68,0,238,121,0.508403361,10.83,15.4,753
"DEH1_2021","W10004_0069/PHP02",69.5465,65,1,221,121,0.547511312,11.97,15.4,728.55
"DEH1_2021","W10004_0069/PHZ51",68,69,1,234,97,0.414529915,9.22,15.1,733.7
"DEH1_2021","W10004_0070/PHK76",69,69,0,213,109,0.511737089,9.38,14.6,809.64
"DEH1_2021","W10004_0070/PHZ51",69,70,1,216,102,0.472222222,9.2,14.2,760.73
"DEH1_2021","W10004_0071/PHK76",69,67,-2,241.9288,135,0.509113484743,10.96,15.7,782.61
"DEH1_2021","W10004_0071/PHP02",66,66,0,237.5,117.5,0.494736842,10.88,15.75,754.93
"DEH1_2021","W10004_0071/PHZ51",69,68,-1,249,111,0.445783133,12.09,17.4,756.86
"DEH1_2021","W10004_0072/PHK76",73,73,0,235,123,0.523404255,13.1,17.8,762.01
"DEH1_2021","W10004_0072/PHP02",69,68,-1,264,133,0.503787879,13.16,16.2,750.43
"DEH1_2021","W10004_0072/PHZ51",70,70,0,263,155,0.589353612,10.56,16.1,777.46
"DEH1_2021","W10004_0073/PHK76",70,69,-1,247,122,0.493927126,12.36,16.9,765.88
"DEH1_2021","W10004_0073/PHP02",71,72,1,218,108,0.495412844,13.2,17.5,723.4
"DEH1_2021","W10004_0073/PHZ51",73,74,1,250,131,0.524,8.68,18.1,728.55
"DEH1_2021","W10004_0076/PHK76",70,70,0,230,123,0.534782609,11.58,17.2,789.04
"DEH1_2021","W10004_0076/PHP02",68,69,1,250,135,0.54,12.65,17.3,764.59
"DEH1_2021","W10004_0076/PHZ51",72,74,2,236,108,0.457627119,9.68,16,783.9
"DEH1_2021","W10004_0078/PHK76",68,68,0,264,130,0.492424242,6.07,16.2,773.6
"DEH1_2021","W10004_0078/PHP02",70,70,0,255,152,0.596078431,13.25,19.3,741.42
"DEH1_2021","W10004_0078/PHZ51",72,73,1,275,151,0.549090909,9.98,18.4,745.28
"DEH1_2021","W10004_0079/PHZ51",69,68,-1,256,126,0.4921875,10.06,14.6,786.47
"DEH1_2021","W10004_0080/PHK76",71,70,-1,246,124,0.504065041,10.54,16.1,782.61
"DEH1_2021","W10004_0080/PHP02",69,70,1,250,153,0.612,11.2,16.9,758.15
"DEH1_2021","W10004_0080/PHZ51",72,73,1,258,127,0.492248062,10.96,17.4,763.3
"DEH1_2021","W10004_0086/PHK76",69,69,0,228,105,0.460526316,12.03,16.9,786.47
"DEH1_2021","W10004_0086/PHP02",69,70,1,218,85,0.389908257,10.94,18.6,731.12
"DEH1_2021","W10004_0086/PHZ51",69,70,1,250,127,0.508,12.46,17.2,764.59
"DEH1_2021","W10004_0087/PHK76",70,70,0,215,120,0.558139535,13.43,15.4,794.19
"DEH1_2021","W10004_0087/PHP02",67,68,1,193,94,0.487046632,12.38,16,755.58
"DEH1_2021","W10004_0087/PHZ51",68,69,1,233,118,0.506437768,9.93,16.7,768.45
"DEH1_2021","W10004_0092/PHP02",69,70,1,235,108,0.459574468,10.94,17.5,755.58
"DEH1_2021","W10004_0092/PHZ51",70,70,0,269,147,0.546468401,11.29,17.5,768.45
"DEH1_2021","W10004_0093/PHP02",70,71,1,225,122,0.542222222,11.62,16.1,746.57
"DEH1_2021","W10004_0093/PHZ51",72,72,0,251,140,0.557768924,10.19,14.1,763.3
"DEH1_2021","W10004_0095/PHK76",70,71,1,244,137,0.56147541,6.79,16.7,764.59
"DEH1_2021","W10004_0095/PHP02",68,69,1,251,139,0.553784861,6.56,15.9,749.14
"DEH1_2021","W10004_0095/PHZ51",71,72,1,279,157,0.562724014,6.6,17.1,731.12
"DEH1_2021","W10004_0097/PHK76",68.5,67,-1.5,207.5,100,0.481927711,11.01,15.55,793.55
"DEH1_2021","W10004_0097/PHZ51",70,69.5,-0.5,224,109.5,0.488839286,9.08,15.65,766.52
"DEH1_2021","W10004_0098/PHK76",70,70,0,257,125,0.486381323,10.16,15,795.48
"DEH1_2021","W10004_0098/PHP02",66,65,-1,250,146,0.584,10.62,14.9,764.59
"DEH1_2021","W10004_0098/PHZ51",70,70,0,242,117,0.483471074,8.68,14.3,780.03
"DEH1_2021","W10004_0099/PHK76",70,70,0,224,125,0.558035714,11.76,16.5,803.2
"DEH1_2021","W10004_0099/PHZ51",70,70,0,244,126,0.516393443,9.6,15.1,751.72
"DEH1_2021","W10004_0101/PHP02",68,69,1,236,128,0.542372881,12.35,16,746.57
"DEH1_2021","W10004_0101/PHZ51",70,71,1,230,98,0.426086957,10.13,15.8,745.28
"DEH1_2021","W10004_0103/PHK76",70,70,0,254.5,127,0.499017682,10.42,17.1,792.91
"DEH1_2021","W10004_0103/PHP02",70,71,1,248,129,0.52016129,11.64,17.1,767.16
"DEH1_2021","W10004_0103/PHZ51",72,73,1,251,129,0.513944223,10.76,16.8,786.47
"DEH1_2021","W10004_0106/PHK76",67,66,-1,238,129,0.542016807,11.99,15,753
"DEH1_2021","W10004_0106/PHP02",70,69,-1,231,119,0.515151515,10.79,16.5,713.1
"DEH1_2021","W10004_0106/PHZ51",68,68,0,258,96,0.372093023,9.13,14.1,749.14
"DEH1_2021","W10004_0110/PHK76",69,68,-1,233,121,0.519313305,7.67,17.4,773.6
"DEH1_2021","W10004_0110/PHP02",68,68,0,239,119,0.49790795,11.3,16.5,771.02
"DEH1_2021","W10004_0110/PHZ51",68,68,0,250,126,0.504,9.11,15.3,772.31
"DEH1_2021","W10004_0112/PHK76",68,68,0,212,89,0.419811321,10.64,14.1,794.19
"DEH1_2021","W10004_0112/PHP02",67.5,68.5,1,224.5,109.5,0.487750557,11.44,15.85,765.23
"DEH1_2021","W10004_0112/PHZ51",70,70,0,250,114,0.456,9.83,14.5,787.76
"DEH1_2021","W10004_0115/PHK76",69.5,70,0.5,237.5,114,0.48,9.86,16.2,751.72
"DEH1_2021","W10004_0115/PHZ51",69,70,1,256,117,0.45703125,6.9,14.9,725.97
"DEH1_2021","W10004_0116/PHK76",69,68,-1,223,121,0.542600897,12.11,16.5,795.48
"DEH1_2021","W10004_0116/PHP02",67,68,1,255,129,0.505882353,12.33,16.5,763.3
"DEH1_2021","W10004_0118/PHK76",68,66,-2,232,114,0.49137931,10.01,17,795.48
"DEH1_2021","W10004_0118/PHP02",68,68,0,227,98,0.431718062,12.21,18.4,772.31
"DEH1_2021","W10004_0118/PHZ51",70,70,0,256,124,0.484375,10.18,17.3,791.62
"DEH1_2021","W10004_0119/PHK76",68.5,68.5,0,239.5,123,0.513569937,11.25,16,792.26
"DEH1_2021","W10004_0119/PHP02",69.5465,65,1,235,115,0.489361702,12.92,18.1,728.55
"DEH1_2021","W10004_0119/PHZ51",70,70,0,259,132,0.50965251,10.18,16.2,762.01
"DEH1_2021","W10004_0121/PHK76",70.5,70.5,0,225,120.5,0.535555556,10.44,17,796.77
"DEH1_2021","W10004_0121/PHP02",70,71,1,241,130,0.539419087,11.49,16.75,743.35
"DEH1_2021","W10004_0121/PHZ51",72,73,1,269,152,0.565055762,10.27,15.6,782.61
"DEH1_2021","W10004_0122/PHK76",70,70,0,264,139,0.526515152,8.3,17.6,777.46
"DEH1_2021","W10004_0122/PHP02",69,68.5,-0.5,242,119,0.491735537,13.08,17.35,753
"DEH1_2021","W10004_0122/PHZ51",72,72,0,263,95,0.509113484743,11.58,17.8,755.58
"DEH1_2021","W10004_0127/PHK76",68,68,0,268,119,0.444029851,7.42,14.2,799.34
"DEH1_2021","W10004_0127/PHP02",67,67,0,246,131,0.532520325,10.78,16.3,754.29
"DEH1_2021","W10004_0127/PHZ51",69,69,0,256,132,0.515625,9.53,15,789.04
"DEH1_2021","W10004_0129/PHP02",68,68,0,252,130,0.515873016,13.65,17.1,756.86
"DEH1_2021","W10004_0129/PHZ51",70,71,1,248,125,0.504032258,9.36,16.6,782.61
"DEH1_2021","W10004_0132/PHK76",70,70,0,242,103,0.425619835,8.17,15.4,800.63
"DEH1_2021","W10004_0132/PHP02",67,69,2,257,119,0.463035019,11.1,17.6,763.3
"DEH1_2021","W10004_0132/PHZ51",71,72,1,248,116,0.467741935,6.28,17.1,762.01
"DEH1_2021","W10004_0133/PHK76",68,68,0,218,110,0.504587156,12.04,15.4,794.19
"DEH1_2021","W10004_0133/PHP02",67.5,68,0.5,229,122.5,0.534934498,12.61,16.65,763.94
"DEH1_2021","W10004_0133/PHZ51",71,72,1,255,125,0.490196078,10.11,17.1,746.57
"DEH1_2021","W10004_0134/PHK76",70,70,0,219,115,0.525114155,8.73,15.4,792.91
"DEH1_2021","W10004_0134/PHP02",66,66,0,193,96,0.497409326,12.61,15.7,747.85
"DEH1_2021","W10004_0134/PHZ51",72,72,0,238,126,0.529411765,7.97,14.9,754.29
"DEH1_2021","W10004_0138/PHK76",69,69,0,215,101,0.469767442,10.98,15.9,795.48
"DEH1_2021","W10004_0138/PHZ51",72,74,2,260,117,0.45,8.02,15.3,786.47
"DEH1_2021","W10004_0140/PHP02",69,70,1,243,147,0.604938272,10.04,16.5,750.43
"DEH1_2021","W10004_0140/PHZ51",72,72,0,249,131,0.526104418,4.93,16.4,740.13
"DEH1_2021","W10004_0144/PHK76",69.5,70.5,1,230.5,118,0.511930586,9.88,15.6,780.03
"DEH1_2021","W10004_0144/PHP02",67,69,2,207,109,0.526570048,7.28,16.7,756.86
"DEH1_2021","W10004_0144/PHZ51",70,71,1,236,118,0.5,11.03,15.3,807.07
"DEH1_2021","W10004_0146/PHK76",70,70,0,217,111,0.511520737,10.13,16.9,791.62
"DEH1_2021","W10004_0146/PHP02",68,69,1,245,143,0.583673469,12.6,15.7,773.6
"DEH1_2021","W10004_0146/PHZ51",72,73,1,240,115,0.479166667,11.27,16.3,786.47
"DEH1_2021","W10004_0147/PHK76",69,68,-1,242,132,0.545454545,10.69,14.6,800.63
"DEH1_2021","W10004_0147/PHP02",68,68,0,246,132,0.536585366,10.87,15.4,759.44
"DEH1_2021","W10004_0147/PHZ51",70,70,0,235,117,0.49787234,10.2,15.1,786.47
"DEH1_2021","W10004_0148/PHK76",70,70,0,241,122,0.506224066,8.53,16.8,776.17
"DEH1_2021","W10004_0148/PHP02",68,69,1,253,140,0.553359684,13.59,16.1,756.86
"DEH1_2021","W10004_0148/PHZ51",70,70,0,269,146,0.542750929,9.27,15.6,786.47
"DEH1_2021","W10004_0149/PHK76",68,68,0,256,139,0.54296875,12.32,16.9,786.47
"DEH1_2021","W10004_0149/PHZ51",71,71.5,0.5,256.5,134,0.522417154,8.17,16.7,757.51
"DEH1_2021","W10004_0150/PHK76",70,69,-1,248,118,0.475806452,9.3,16.5,795.48
"DEH1_2021","W10004_0150/PHP02",69,69,0,236,143,0.605932203,13.08,16.6,771.02
"DEH1_2021","W10004_0152/PHK76",69,69,0,234.5,103.5,0.441364606,9.01,15,771.02
"DEH1_2021","W10004_0152/PHP02",68.5,71,2.5,241.5,109,0.451345756,8.28,15.55,734.98
"DEH1_2021","W10004_0152/PHZ51",70,71,1,255,129,0.505882353,8,17.1,768.45
"DEH1_2021","W10004_0153/PHK76",71,70,-1,230,109,0.473913043,9.28,16,756.86
"DEH1_2021","W10004_0153/PHP02",69,69,0,238,126,0.529411765,10.13,16,740.13
"DEH1_2021","W10004_0153/PHZ51",71,71,0,264,135,0.511363636,10.22,15.7,783.9
"DEH1_2021","W10004_0154/PHK76",71,71,0,219,114,0.520547945,12.84,16.4,795.48
"DEH1_2021","W10004_0154/PHP02",68,69,1,241,122,0.506224066,10.91,17.2,733.7
"DEH1_2021","W10004_0154/PHZ51",73,74,1,244,114,0.467213115,9.94,16.3,772.31
"DEH1_2021","W10004_0160/PHK76",70,70,0,224,112,0.5,13.57,18.3,755.58
"DEH1_2021","W10004_0160/PHZ51",70,71,1,244,122,0.5,11.81,16.4,759.44
"DEH1_2021","W10004_0161/PHP02",67,67,0,217,108,0.497695853,11.78,17.6,725.97
"DEH1_2021","W10004_0161/PHZ51",70.5,70.5,0,231,104,0.45021645,9.36,16.95,731.12
"DEH1_2021","W10004_0166/PHK76",68,68,0,224,129,0.575892857,13.19,16.1,758.15
"DEH1_2021","W10004_0166/PHP02",69,71,2,242,121,0.5,13.52,17.2,734.98
"DEH1_2021","W10004_0166/PHZ51",69,71,2,263,148,0.562737643,8.9,16,755.58
"DEH1_2021","W10004_0167/PHP02",66,67,1,232,121,0.521551724,10.63,18.8,724.69
"DEH1_2021","W10004_0167/PHZ51",71,71,0,258,132,0.511627907,11.22,14,790.33
"DEH1_2021","W10004_0168/PHK76",70,70,0,238,140,0.588235294,12.91,16.1,800.63
"DEH1_2021","W10004_0168/PHP02",70,71,1,236,122,0.516949153,12.61,16.6,763.3
"DEH1_2021","W10004_0168/PHZ51",72,72,0,241,132,0.547717842,13.05,18.1,777.46
"DEH1_2021","W10004_0169/PHP02",68,69,1,226,120,0.530973451,11.84,15.4,742.71
"DEH1_2021","W10004_0169/PHZ51",70,71,1,242,113,0.466942149,8.86,15.9,747.85
"DEH1_2021","W10004_0171/PHK76",71,70,-1,242,133,0.549586777,11.58,16.9,745.28
"DEH1_2021","W10004_0178/PHK76",69,68.5,-0.5,241.5,121.5,0.50310559,11.32,17.25,782.61
"DEH1_2021","W10004_0178/PHP02",68,69,1,246,121,0.491869919,11.38,17.7,750.43
"DEH1_2021","W10004_0178/PHZ51",72,71,-1,220,103,0.468181818,11.22,18.2,746.57
"DEH1_2021","W10004_0179/PHK76",69,69,0,219,108,0.493150685,10.31,15.5,798.05
"DEH1_2021","W10004_0179/PHP02",67,67,0,237,124,0.523206751,11.11,16.8,741.42
"DEH1_2021","W10004_0179/PHZ51",69,69,0,236,115,0.487288136,10.59,14.6,787.76
"DEH1_2021","W10004_0185/PHP02",68,68,0,212,125,0.589622642,12.48,16.4,750.43
"DEH1_2021","W10004_0185/PHZ51",69,70,1,251,122,0.486055777,10.28,17.7,758.15
"DEH1_2021","W10004_0189/PHZ51",68.5,68.5,0,243,117.5,0.483539095,10.88,16.4,748.5
"DEH1_2021","W10004_0190/PHK76",70,69,-1,235,121,0.514893617,8.32,16.2,785.18
"DEH1_2021","W10004_0190/PHP02",70,71,1,263,123,0.467680608,13.76,15.8,755.58
"DEH1_2021","W10004_0190/PHZ51",71,72,1,266,116,0.436090226,12.5,15.9,777.46
"DEH1_2021","W10004_0192/PHK76",68,68,0,234,116,0.495726496,11.16,16.6,777.46
"DEH1_2021","W10004_0192/PHP02",67,69,2,239,103,0.430962343,13.53,16.2,738.84
"DEH1_2021","W10004_0192/PHZ51",72,73,1,259,126,0.486486486,12.09,17,769.74
"DEH1_2021","W10004_0194/PHK76",69.5,69,-0.5,222.5,99,0.44494382,12.27,16.25,798.05
"DEH1_2021","W10004_0194/PHP02",69,69,0,241,105,0.435684647,11.6,16.4,780.03
"DEH1_2021","W10004_0194/PHZ51",70,71,1,248,118,0.475806452,10.35,15.4,780.03
"DEH1_2021","W10004_0196/PHK76",72,72,0,245,118,0.481632653,13.33,18.2,769.74
"DEH1_2021","W10004_0196/PHP02",70,71,1,242,111,0.458677686,12.2,18,742.71
"DEH1_2021","W10004_0196/PHZ51",71.5,72.5,1,247.5,123.5,0.498989899,9.6,16.2,762.66
"DEH1_2021","W10004_0197/PHP02",69.5,69,-0.5,272.5,143,0.524770642,12.34,17.3,742.06
"DEH1_2021","W10004_0197/PHZ51",71,71,0,241.9288,151,0.511864407,13.51,16.9,741.42
"DEH1_2021","W10004_0199/PHK76",69,69,0,225,116,0.515555556,11.65,16.8,783.9
"DEH1_2021","W10004_0199/PHP02",70,71,1,251,126,0.501992032,11.6,17.1,763.3
"DEH1_2021","W10004_0199/PHZ51",71,73,2,274,139,0.50729927,9.39,17.3,754.29
"DEH1_2021","W10004_0200/PHK76",72,72,0,234,136,0.581196581,12.09,16.7,792.91
"DEH1_2021","W10004_0200/PHZ51",72,71,-1,252,125,0.496031746,11.15,15.9,785.18
"DEH1_2021","W10004_0203/PHK76",69,70,1,256,127,0.49609375,12.82,17.1,785.18
"DEH1_2021","W10004_0203/PHP02",70,71,1,243,145,0.596707819,6.42,16.2,727.26
"DEH1_2021","W10004_0203/PHZ51",70,71,1,266,136,0.511278195,9.66,15.7,765.88
"DEH1_2021","W10004_0204/PHK76",71,70.5,-0.5,226.5,107.5,0.474613687,8.56,18.1,769.74
"DEH1_2021","W10004_0204/PHP02",69,69,0,247,123,0.497975709,12.56,17.2,746.57
"DEH1_2021","W10004_0204/PHZ51",72,73,1,245,116,0.473469388,7.33,17.9,758.15
"DEH1_2021","W10004_0206/PHP02",67,68,1,243,121,0.497942387,12.28,17,750.43
"DEH1_2021","W10004_0206/PHZ51",70,71,1,256,119,0.46484375,9.42,15.8,769.74
"DEH1_2021","W10004_0212/PHK76",68,68,0,237,121,0.510548523,11.3,16.5,764.59
"DEH1_2021","W10004_0212/PHP02",67,67,0,235,126,0.536170213,10.19,15.6,737.56
"DEH1_2021","W10004_0212/PHZ51",68,69,1,242,124,0.512396694,11.57,15.4,765.88
"DEH1_2021","W10004_0213/PHK76",68,69,1,223,111,0.497757848,11.65,16.4,782.61
"DEH1_2021","W10004_0213/PHZ51",69,68,-1,232,112,0.482758621,7.75,14.6,741.42
"DEH1_2021","W10004_0217/PHK76",68,68,0,224,91,0.40625,9.16,15.85,767.16
"DEH1_2021","W10004_0217/PHP02",68,69,1,202,96,0.475247525,12.62,18.8,731.12
"DEH1_2021","W10004_0217/PHZ51",70,72,2,247,115,0.465587045,9.37,15.6,738.84
"DEH1_2021","W10004_0220/PHK76",69,69,0,248,127,0.512096774,9.91,17.4,787.76
"DEH1_2021","W10004_0220/PHP02",68,69,1,228,117,0.513157895,9.05,17.3,764.59
"DEH1_2021","W10004_0220/PHZ51",71,71,0,255,115,0.450980392,8.32,16.6,787.76
"DEH1_2021","W10004_0221/PHZ51",71.5,72,0.5,275,139,0.505454545,9.59,16.45,775.53
"DEH1_2021","W10004_0223/PHK76",70,69,-1,271,131,0.483394834,11.48,17,786.47
"DEH1_2021","W10004_0223/PHP02",70,70,0,214,95,0.443925234,8.33,16.4,764.59
"DEH1_2021","W10004_0224/PHK76",71,69,-2,236,115,0.487288136,12.35,15.8,780.03
"DEH1_2021","W10004_0224/PHP02",69,70,1,269,140,0.520446097,11.67,17.1,732.41
"DEH1_2021","W10004_0224/PHZ51",69,68,-1,259,131,0.505791506,8.24,14.3,749.14
"DEH1_2021","W10004_0225/PHK76",68,68,0,216,118,0.546296296,11.85,18.5,780.03
"DEH1_2021","W10004_0225/PHP02",67,67,0,233,128,0.549356223,12.95,17.8,724.69
"DEH1_2021","W10004_0225/PHZ51",70,70,0,240,129,0.5375,10.75,18.1,768.45
"DEH1_2021","W10004_0227/PHK76",69,68,-1,241,112,0.46473029,10.6,16.4,805.78
"DEH1_2021","W10004_0227/PHZ51",72,72,0,241,110,0.456431535,10.62,17.4,763.3
"DEH1_2021","W10004_0231/PHK76",68,68,0,214,113,0.528037383,5.2,15.8,785.18
"DEH1_2021","W10004_0231/PHP02",68,69,1,230,133,0.57826087,8.96,16,755.58
"DEH1_2021","W10004_0231/PHZ51",68,68,0,240,125,0.520833333,11.74,15.4,777.46
"DEH1_2021","W10004_0236/PHK76",69,67,-2,235,115,0.489361702,11.37,15.3,796.77
"DEH1_2021","W10004_0236/PHP02",68,66,-2,251,131,0.521912351,6.43,16.7,746.57
"DEH1_2021","W10004_0236/PHZ51",73,74,1,225,108,0.48,10.57,17.9,755.58
"DEH1_2021","W10004_0238/PHK76",70,71,1,248,122,0.491935484,9.62,16.7,812.21
"DEH1_2021","W10004_0238/PHP02",71,72,1,257,131,0.509727626,7.77,16.9,753
"DEH1_2021","W10004_0241/PHK76",68.5,68,-0.5,237.5,118.5,0.498947368,11.08,16.8,766.52
"DEH1_2021","W10004_0241/PHP02",67,67,0,249,132,0.530120482,10.95,16.9,732.41
"DEH1_2021","W10004_0241/PHZ51",70.5,70.5,0,255,119,0.466666667,9.67,15.5,745.28
"DEH1_2021","W10004_0242/PHZ51",69.5,70.5,1,247.5,113.5,0.458585859,10.95,15.05,784.54
"DEH1_2021","W10004_0253/PHK76",72,72,0,220,119,0.540909091,10.70185,20.4,704.09
"DEH1_2021","W10004_0253/PHP02",67,66.5,-0.5,241.5,105.5,0.436853002,12.44,17.75,711.17
"DEH1_2021","W10004_0253/PHZ51",71,72,1,261,138,0.528735632,10.07,17.7,702.8
"DEH1_2021","W10004_0254/PHK76",68.5,68,-0.5,238,112,0.470588235,10.91,15.85,792.26
"DEH1_2021","W10004_0254/PHP02",68,69,1,229,129,0.563318777,10.93,17.1,762.01
"DEH1_2021","W10004_0254/PHZ51",68,68,0,220,123.2512,0.509113484743,11.06,14.1,768.45
"DEH1_2021","W10004_0256/PHK76",68,69,1,217,99,0.456221198,6.21,16.8,774.89
"DEH1_2021","W10004_0256/PHP02",67,68,1,201,83,0.412935323,10.55,15.6,786.47
"DEH1_2021","W10004_0256/PHZ51",70,70,0,228.5,107,0.468271335,8.89,15.7,765.23
"DEH1_2021","W10004_0258/PHK76",69,68,-1,235,129,0.54893617,8.23,15.8,732.41
"DEH1_2021","W10004_0258/PHP02",68,68.5,0.5,257.5,152,0.590291262,11.34,17.25,720.82
"DEH1_2021","W10004_0258/PHZ51",68,68,0,269,149,0.553903346,9.58,17,741.42
"DEH1_2021","W10004_0261/PHK76",71,70,-1,250,127,0.508,12.7,16.5,773.6
"DEH1_2021","W10004_0261/PHP02",70,71,1,224,117,0.522321429,12.41,16.3,743.99
"DEH1_2021","W10004_0261/PHZ51",72.5,72.5,0,258.5,132,0.510638298,9.62,16.8,769.74
"DEH1_2021","W10004_0262/PHK76",68,68,0,235,117,0.49787234,11.26,15.7,794.19
"DEH1_2021","W10004_0262/PHP02",69,69,0,250,124,0.496,11.36,16.4,772.31
"DEH1_2021","W10004_0264/PHK76",69.5,70,0.5,234,117,0.5,8.58,15.45,798.05
"DEH1_2021","W10004_0264/PHP02",70,72,2,227,127,0.559471366,11.91,18.5,774.89
"DEH1_2021","W10004_0264/PHZ51",68,69,1,239,139,0.581589958,7.42,15.1,795.48
"DEH1_2021","W10004_0268/PHK76",73,73,0,250,144,0.576,10.68,18.5,762.01
"DEH1_2021","W10004_0268/PHP02",68,69,1,269,123.2512,0.650557621,11.44,18.6,737.56
"DEH1_2021","W10004_0268/PHZ51",70,72,2,266,146,0.54887218,8.45,18.3,758.15
"DEH1_2021","W10004_0270/PHK76",70,70,0,219,99,0.452054795,11.94,16.8,789.04
"DEH1_2021","W10004_0270/PHP02",70,71,1,221,112,0.50678733,10.61,17.5,768.45
"DEH1_2021","W10004_0270/PHZ51",72,72,0,240,106,0.441666667,8.43,16.2,796.77
"DEH1_2021","W10004_0271/PHK76",72,71,-1,259,128,0.494208494,13.61,15.4,812.21
"DEH1_2021","W10004_0271/PHZ51",74,74,0,280,127,0.453571429,12.2,15.7,774.89
"DEH1_2021","W10004_0276/PHK76",69,68,-1,232,103,0.443965517,12.34,18.1,778.75
"DEH1_2021","W10004_0276/PHP02",67,67,0,243,125,0.514403292,12.04,18.5,741.42
"DEH1_2021","W10004_0276/PHZ51",71,71.5,0.5,237,119.5,0.504219409,10.51,17.5,769.74
"DEH1_2021","W10004_0290/PHK76",71,71,0,247,115,0.465587045,11.54,16.2,786.47
"DEH1_2021","W10004_0290/PHP02",69,70,1,254,135,0.531496063,11.27,17.6,750.43
"DEH1_2021","W10004_0290/PHZ51",72,73,1,250,114,0.456,9.76,17.3,755.58
"DEH1_2021","W10004_0291/PHK76",70,69,-1,235,130,0.553191489,8.83,15,786.47
"DEH1_2021","W10004_0291/PHP02",68.5,69,0.5,231.5,123,0.531317495,8.44,16.2,748.5
"DEH1_2021","W10004_0292/PHK76",70,71,1,206,83,0.402912621,9.44,17.3,786.47
"DEH1_2021","W10004_0292/PHZ51",70,70.5,0.5,226,111,0.491150442,9.07,15.8,787.11
"DEH1_2021","W10004_0299/PHK76",70,69.5,-0.5,226,116.5,0.515486726,9.47,17.05,795.48
"DEH1_2021","W10004_0299/PHP02",66,67,1,224,110,0.491071429,11.65,17.9,756.86
"DEH1_2021","W10004_0299/PHZ51",72,73,1,256,135,0.52734375,13.5,18.4,764.59
"DEH1_2021","W10004_0306/PHK76",68,68,0,231,104,0.45021645,12.08,14.8,804.49
"DEH1_2021","W10004_0306/PHP02",69,69,0,227.5,117.5,0.516483516,10.52,17,769.09
"DEH1_2021","W10004_0306/PHZ51",71.5,72,0.5,252,126,0.5,7.46,17.9,760.73
"DEH1_2021","W10004_0308/PHK76",70,70,0,248,127,0.512096774,11.38,16,823.8
"DEH1_2021","W10004_0308/PHP02",68,68,0,239,134,0.560669456,11.83,17.1,782.61
"DEH1_2021","W10004_0308/PHZ51",71,72,1,263,139,0.52851711,8.76,16.1,795.48
"DEH1_2021","W10004_0309/PHK76",70,70,0,239,103,0.430962343,8.22,15.3,785.18
"DEH1_2021","W10004_0309/PHZ51",71,71,0,237,110,0.464135021,9.58,14.6,765.88
"DEH1_2021","W10004_0310/PHK76",68,68,0,230,107,0.465217391,11.45,15.7,782.61
"DEH1_2021","W10004_0310/PHP02",70,71,1,241,119,0.493775934,10.66,18.2,736.27
"DEH1_2021","W10004_0310/PHZ51",70,72,2,242,124,0.512396694,11.27,16.4,762.01
"DEH1_2021","W10004_0311/PHK76",68,68,0,220,121,0.55,9.15,16.8,782.61
"DEH1_2021","W10004_0327/PHK76",72,72,0,250,105,0.42,12.6,17.1,772.31
"DEH1_2021","W10004_0327/PHP02",67,70,0.357,287,134,0.466898955,11.81,17.4,736.27
"DEH1_2021","W10004_0327/PHZ51",70,72,2,265,112,0.422641509,8.34,17,755.58
"DEH1_2021","W10004_0329/PHK76",67.5,67,-0.5,211.5,108.5,0.513002364,10.21,14.9,827.02
"DEH1_2021","W10004_0329/PHP02",67,69,2,213,102,0.478873239,10.51,15.6,767.16
"DEH1_2021","W10004_0329/PHZ51",70,70,0,234,105,0.448717949,10.08,16.4,777.46
"DEH1_2021","W10004_0336/PHK76",70,69.5,-0.5,229,117,0.510917031,10.86,17.3,754.29
"DEH1_2021","W10004_0336/PHP02",69,69,0,240,133,0.554166667,13.42,18.8,736.27
"DEH1_2021","W10004_0336/PHZ51",71,70,-1,255,140,0.549019608,11.5,15.1,781.32
"DEH1_2021","W10004_0344/PHK76",69,68,-1,215,96,0.446511628,10.03,16.3,791.62
"DEH1_2021","W10004_0344/PHP02",68,69.5,1.5,239.5,131.5,0.549060543,10.64,18.05,751.72
"DEH1_2021","W10004_0344/PHZ51",68,69,1,238,119,0.5,5.36,16.3,764.59
"DEH1_2021","W10004_0346/PHK76",70,71,1,227,102,0.449339207,11.72,18.5,741.42
"DEH1_2021","W10004_0346/PHZ51",70,71,1,250,122,0.488,12.19,17.6,741.42
"DEH1_2021","W10004_0361/PHK76",70,69,-1,217,106,0.488479263,11.68,16.6,800.63
"DEH1_2021","W10004_0361/PHP02",72,71,-1,215,115,0.534883721,13.32,17.1,754.29
"DEH1_2021","W10004_0361/PHZ51",70,69,-1,258,144,0.558139535,9.39,15.1,796.77
"DEH1_2021","W10004_0362/PHK76",67,66,-1,203,100,0.492610837,10.52,16.2,769.74
"DEH1_2021","W10004_0362/PHP02",67,67,0,251,141,0.561752988,11.69,16.5,759.44
"DEH1_2021","W10004_0362/PHZ51",72,73,1,219,91,0.415525114,8.24,17.5,749.14
"DEH1_2021","W10004_0380/PHK76",71,70,-1,246,133,0.540650407,11.59,17.9,777.46
"DEH1_2021","W10004_0380/PHP02",70,69,-1,269,152,0.565055762,11.81,17,754.29
"DEH1_2021","W10004_0381/PHK76",70,69,-1,233,124,0.532188841,10.01,17.4,801.92
"DEH1_2021","W10004_0381/PHP02",69,70,1,265,120,0.452830189,9.83,17,743.99
"DEH1_2021","W10004_0381/PHZ51",71,72,1,258,137,0.531007752,10.81,17.1,776.17
"DEH1_2021","W10004_0383/PHK76",70,70,0,233,123,0.527896996,12.52,18.4,791.62
"DEH1_2021","W10004_0383/PHP02",69,69,0,241,136,0.564315353,11.98,19,751.72
"DEH1_2021","W10004_0383/PHZ51",71,72,1,269,123,0.457249071,5.93,17.8,756.86
"DEH1_2021","W10004_0389/PHK76",68,68,0,235,104,0.442553191,11.53,15.5,759.44
"DEH1_2021","W10004_0389/PHP02",71,72,1,215,136,0.63255814,13.32,17.3,755.58
"DEH1_2021","W10004_0389/PHZ51",72,73,1,224,120,0.535714286,9.55,16.4,743.99
"DEH1_2021","W10004_0393/PHK76",68,69,1,230,102,0.443478261,9.62,15.4,801.92
"DEH1_2021","W10004_0393/PHP02",68.5,70,1.5,223.5,115.5,0.516778523,12.93,16.15,758.15
"DEH1_2021","W10004_0393/PHZ51",70,72,2,236,120,0.508474576,7.52,15.5,769.74
"DEH1_2021","W10004_0394/PHK76",70,70,0,210,103,0.49047619,11.41,17.6,764.59
"DEH1_2021","W10004_0394/PHP02",69.5,69.5,0,229,116.5,0.508733624,13.2,16.4,733.05
"DEH1_2021","W10004_0394/PHZ51",72,71,-1,218,107,0.490825688,9.56,15.3,756.86
"DEH1_2021","W10004_0395/PHK76",68,68,0,213,105,0.492957746,12.07,16,814.79
"DEH1_2021","W10004_0395/PHP02",67,66,-1,258,149,0.57751938,12.29,16.76071,746.57
"DEH1_2021","W10004_0395/PHZ51",71,71,0,264,124,0.46969697,9.73,14.9,808.35
"DEH1_2021","W10004_0396/PHK76",68,68,0,231,90,0.38961039,10.58,16.2,765.88
"DEH1_2021","W10004_0396/PHZ51",72,71.5,-0.5,245.5,120,0.488798371,11.32,17.1,754.29
"DEH1_2021","W10004_0403/PHK76",71,71,0,231,109,0.471861472,10.98,17.7,767.16
"DEH1_2021","W10004_0403/PHZ51",72,72,0,236,129,0.546610169,11.52,18.8,737.56
"DEH1_2021","W10004_0409/PHK76",71,70,-1,245,125,0.510204082,13.21,17.9,755.58
"DEH1_2021","W10004_0409/PHP02",70,70,0,263,151,0.574144487,12.29,18.3,724.69
"DEH1_2021","W10004_0410/PHK76",68,68,0,239,125,0.523012552,9.76,13.8,771.02
"DEH1_2021","W10004_0410/PHP02",68,69,1,241,124,0.514522822,11.98,15.4,716.96
"DEH1_2021","W10004_0410/PHZ51",69,70,1,242,122,0.504132231,11.11,14.7,759.44
"DEH1_2021","W10004_0412/PHK76",68,68,0,247,136,0.550607287,11.53,14.6,805.78
"DEH1_2021","W10004_0412/PHP02",70,70,0,268,146,0.544776119,11,16.2,782.61
"DEH1_2021","W10004_0412/PHZ51",69,69,0,260,128.5,0.494230769,10.86,13.8,810.93
"DEH1_2021","W10004_0417/PHK76",70,70,0,242,116,0.479338843,10.66,17.5,773.6
"DEH1_2021","W10004_0417/PHP02",67,69,2,246,126,0.512195122,11.34,16.3,773.6
"DEH1_2021","W10004_0417/PHZ51",69.5,70,0.5,239.5,134,0.559498956,8.21,14.1,772.95
"DEH1_2021","W10004_0419/PHK76",69.5,70,0.5,213,105.5,0.495305164,9.17,17.8,775.53
"DEH1_2021","W10004_0419/PHP02",70,71,1,209,99,0.473684211,12.58,19.1,731.12
"DEH1_2021","W10004_0419/PHZ51",69,70,1,270,130,0.481481481,6.38,15.9,731.12
"DEH1_2021","W10004_0424/PHK76",71,71,0,247,136,0.550607287,12.56,16.7,807.07
"DEH1_2021","W10004_0424/PHZ51",70.5,71,0.5,242,115.5,0.477272727,10.66,16.35,793.55
"DEH1_2021","W10004_0427/PHK76",67,65,-2,246,116,0.471544715,10.1,16.6,791.62
"DEH1_2021","W10004_0427/PHP02",69,69,0,227,116,0.511013216,11.84,18.7,762.01
"DEH1_2021","W10004_0427/PHZ51",69,69,0,258,133,0.515503876,12.95,17.9,787.76
"DEH1_2021","W10004_0430/PHK76",69,68,-1,247,131,0.530364372,9.66,17.3,800.63
"DEH1_2021","W10004_0430/PHP02",69,69,0,264,148,0.560606061,10.43,16.5,768.45
"DEH1_2021","W10004_0430/PHZ51",71,72,1,270,156,0.577777778,8.02,16.4,796.77
"DEH1_2021","W10004_0465/PHK76",71,71,0,252,144,0.571428571,12.12,16.9,795.48
"DEH1_2021","W10004_0465/PHP02",68,69,1,258.5,134,0.518375242,13.05,17.1,753
"DEH1_2021","W10004_0465/PHZ51",71.5,72,0.5,262,146,0.557251908,10.78,17.25,771.67
"DEH1_2021","W10004_0467/PHK76",67,67,0,236,103,0.436440678,8.18,14.8,765.88
"DEH1_2021","W10004_0467/PHP02",65,67,2,228,119,0.521929825,8,16,735.63
"DEH1_2021","W10004_0467/PHZ51",69,71,2,247,117.5,0.475708502,6.97,14.35,746.57
"DEH1_2021","W10004_0474/PHP02",69,69,0,266,143,0.537593985,9.32,16.9,787.76
"DEH1_2021","W10004_0474/PHZ51",70,71,1,259,143,0.552123552,11.2,17.1,763.3
"DEH1_2021","W10004_0476/PHK76",68,68,0,233,95,0.407725322,11.81,17.1,742.71
"DEH1_2021","W10004_0476/PHZ51",69,70,1,262,120,0.458015267,7.54,17.5,722.11
"DEH1_2021","W10004_0487/PHK76",70,69,-1,244,124,0.508196721,13.87,17.2,776.17
"DEH1_2021","W10004_0487/PHP02",70,71,1,248,138,0.556451613,12.15,17.4,750.43
"DEH1_2021","W10004_0487/PHZ51",70,70,0,264,135,0.511363636,7.25,16.5,753
"DEH1_2021","W10004_0498/PHK76",68,68,0,258,141,0.546511628,11.15,18.6,751.72
"DEH1_2021","W10004_0498/PHP02",69,70,1,222,122,0.54954955,12.25,18.7,728.55
"DEH1_2021","W10004_0498/PHZ51",68,68,0,259,142,0.548262548,12.34,17.4,755.58
"DEH1_2021","W10004_0501/PHK76",68.7,69,0.3,244.3,128.7,0.526811298,13.47,17.63,760.3
"DEH1_2021","W10004_0501/PHP02",70,71,1,271,116,0.42804428,11.65,18.3,758.15
"DEH1_2021","W10004_0501/PHZ51",69,70,1,277,123,0.444043321,11.66,16.2,786.47
"DEH1_2021","W10004_0505/PHK76",70,68,-2,233,111,0.47639485,11.77,17.4,771.02
"DEH1_2021","W10004_0505/PHP02",69,69,0,245,112,0.457142857,12.46,18,741.42
"DEH1_2021","W10004_0505/PHZ51",71,72,1,247,109,0.441295547,10.78,17.4,751.72
"DEH1_2021","W10004_0601/PHK76",69,69,0,238,113,0.474789916,9.62,17.7,776.17
"DEH1_2021","W10004_0601/PHP02",70,70,0,246,115,0.467479675,12.15,17.5,750.43
"DEH1_2021","W10004_0601/PHZ51",71,72,1,241,119,0.493775934,11.65,19.4,714.39
"DEH1_2021","W10004_0602/PHK76",71,71,0,229,127,0.554585153,11.92,17.5,795.48
"DEH1_2021","W10004_0602/PHZ51",69.5,70,0.5,241.5,126,0.52173913,11.39,16.45,778.1
"DEH1_2021","W10004_0608/PHK76",72,72,0,250,125,0.5,10.81,16.1,819.94
"DEH1_2021","W10004_0608/PHP02",70,71,1,245,136.5,0.557142857,9.6,16.35,773.6
"DEH1_2021","W10004_0612/PHK76",69.5,69.5,0,261,129,0.494252874,13.47,17.15,790.33
"DEH1_2021","W10004_0612/PHP02",69,69,0,248,128,0.516129032,11.96,17.6,734.98
"DEH1_2021","W10004_0612/PHZ51",72,73,1,251,135,0.537848606,8.24,18.7,767.16
"DEH1_2021","W10004_0614/PHK76",69,68,-1,251,128,0.509960159,11.62,16.5,795.48
"DEH1_2021","W10004_0614/PHP02",69,69,0,248,121,0.487903226,13.85,17.4,743.99
"DEH1_2021","W10004_0614/PHZ51",72,72,0,269.5,133.5,0.495361781,9.66,17.35,765.23
"DEH1_2021","W10004_0616/PHK76",68,68,0,223,118,0.529147982,10.85,16.7,773.6
"DEH1_2021","W10004_0616/PHP02",72,72,0,216,102,0.472222222,12.87,19.2,746.57
"DEH1_2021","W10004_0616/PHZ51",72,72,0,247,111,0.449392713,10.98,18.8,746.57
"DEH1_2021","W10004_0618/PHK76",69,70,1,254,121,0.476377953,11.8,16.4,773.6
"DEH1_2021","W10004_0618/PHP02",69,70,1,275,136,0.494545455,10.4,17.6,727.26
"DEH1_2021","W10004_0618/PHZ51",70,71,1,260,130,0.5,10.14,16.7,736.27
"DEH1_2021","W10004_0619/PHK76",70,70,0,233,142,0.60944206,12.82,18.2,763.3
"DEH1_2021","W10004_0619/PHP02",69,69,0,258,142,0.550387597,13.12,17.6,759.44
"DEH1_2021","W10004_0619/PHZ51",70,71,1,261,129,0.494252874,11.45,17.4,764.59
"DEH1_2021","W10004_0620/PHK76",70,69,-1,262,133,0.507633588,11.69,15.4,791.62
"DEH1_2021","W10004_0620/PHP02",69,69,0,249,144,0.578313253,12.62,16.1,759.44
"DEH1_2021","W10004_0620/PHZ51",70,71,1,258,136,0.527131783,10.22,16.7,755.58
"DEH1_2021","W10004_0622/PHK76",71,69,-2,258,143,0.554263566,11.55,15.6,796.77
"DEH1_2021","W10004_0622/PHP02",69,69,0,264,150,0.568181818,13.22,17.8,750.43
"DEH1_2021","W10004_0622/PHZ51",70,69,-1,280,116,0.414285714,12.54,17.3,769.74
"DEH1_2021","W10004_0624/PHP02",68,68,0,223,97,0.434977578,12.18,16.5,729.83
"DEH1_2021","W10004_0624/PHZ51",68.5,68.5,0,239.5,117.5,0.490605428,10.38,14.95,755.58
"DEH1_2021","W10004_0625/PHK76",69,69,0,257,157,0.610894942,10.93,17.9,760.73
"DEH1_2021","W10004_0625/PHP02",69,69,0,253,155,0.612648221,12.09,19,741.42
"DEH1_2021","W10004_0625/PHZ51",72,73,1,264,147,0.556818182,11.46,18.2,728.55
"DEH1_2021","W10004_0626/PHK76",68,68,0,237,135,0.569620253,9.78,18.8,773.6
"DEH1_2021","W10004_0626/PHZ51",69,69,0,251.5,141,0.560636183,8.25,15.7,787.11
"DEH1_2021","W10004_0628/PHK76",70,70,0,231,110,0.476190476,7.07,16,767.16
"DEH1_2021","W10004_0628/PHP02",70,72,2,223,121,0.542600897,12.93,18.1,754.29
"DEH1_2021","W10004_0628/PHZ51",69.5,70,0.5,263.5,129,0.489563567,8.81,15.85,751.72
"DEH1_2021","W10004_0631/PHK76",70,70,0,236,129,0.546610169,9.01,17.2,794.19
"DEH1_2021","W10004_0631/PHP02",70,71,1,255,135,0.529411765,9.7,16.9,737.56
"DEH1_2021","W10004_0631/PHZ51",71,72,1,263,119,0.452471483,7.44,16.9,767.16
"DEH1_2021","W10004_0632/PHK76",68,68,0,244,118,0.483606557,5.35,18.1,772.31
"DEH1_2021","W10004_0632/PHP02",68,68,0,230,103,0.447826087,11.16,18.7,738.84
"DEH1_2021","W10004_0632/PHZ51",70,71,1,254,127,0.5,10.53,18.3,771.02
"DEH1_2021","W10004_0636/PHP02",71,72,1,237,128,0.540084388,9.62,16,740.13
"DEH1_2021","W10004_0636/PHZ51",72,72,0,256,122,0.4765625,5.28,16,756.86
"DEH1_2021","W10004_0637/PHK76",70,71,1,244,110,0.450819672,11.98,20,763.3
"DEH1_2021","W10004_0637/PHP02",69,69,0,252,127,0.503968254,13.97,18.3,738.84
"DEH1_2021","W10004_0637/PHZ51",70,71,1,251,120,0.478087649,9.38,16.8,768.45
"DEH1_2021","W10004_0639/PHK76",70.5,70.5,0,258.5,134.5,0.520309478,14.06,17.5,786.47
"DEH1_2021","W10004_0639/PHP02",74,75,1,263,147,0.558935361,13.28,19.1,740.13
"DEH1_2021","W10004_0639/PHZ51",73,74,1,281,161,0.572953737,13.01,19.5,745.28
"DEH1_2021","W10004_0644/PHK76",70,69.5,-0.5,254,127.5,0.501968504,10.5,17.65,786.47
"DEH1_2021","W10004_0644/PHP02",70,71,1,274,141,0.51459854,10.01,17,760.73
"DEH1_2021","W10004_0645/PHK76",71,71,0,262,149,0.56870229,9.76,18.3,763.3
"DEH1_2021","W10004_0645/PHP02",69,70,1,264,155,0.587121212,11.39,17.7,732.41
"DEH1_2021","W10004_0645/PHZ51",71,72,1,277,148,0.534296029,7.4,17.3,737.56
"DEH1_2021","W10004_0646/PHK76",69,69,0,230.5,119,0.51626898,12.04,16.9,790.33
"DEH1_2021","W10004_0646/PHP02",68.5,69,0.5,245,130.5,0.532653061,11.34,16.35,753.65
"DEH1_2021","W10004_0646/PHZ51",71,72,1,236,113,0.478813559,7.56,15.9,773.6
"DEH1_2021","W10004_0649/PHK76",66,67,1,215,85,0.395348837,9.81,14.8,786.47
"DEH1_2021","W10004_0649/PHP02",69,69,0,221,106,0.479638009,8.15,14.8,783.9
"DEH1_2021","W10004_0649/PHZ51",69,70,1,232,115,0.495689655,8.18,15.1,758.15
"DEH1_2021","W10004_0650/PHZ51",73,74,1,279,137,0.491039427,12.11,18,755.58
"DEH1_2021","W10004_0651/PHK76",66,66,0,226,109,0.482300885,10.39,14.7,805.78
"DEH1_2021","W10004_0651/PHP02",67,67,0,230,118,0.513043478,13.01,15.8,765.88
"DEH1_2021","W10004_0651/PHZ51",73,74,1,245,122,0.497959184,7.33,15.4,808.35
"DEH1_2021","W10004_0654/PHK76",68,68,0,253,150,0.592885375,10.71,17.1,782.61
"DEH1_2021","W10004_0654/PHP02",66,66,0,251,140,0.557768924,8.99,16.5,758.15
"DEH1_2021","W10004_0654/PHZ51",71,71,0,264,147,0.556818182,10.75,17.9,747.85
"DEH1_2021","W10004_0658/PHK76",69,68,-1,246,117,0.475609756,10.12,16.65,760.08
"DEH1_2021","W10004_0658/PHP02",70,71,1,266,131,0.492481203,12.3,17.1,740.13
"DEH1_2021","W10004_0658/PHZ51",71,71,0,267,144,0.539325843,9.39,18.1,749.14
"DEH1_2021","W10004_0659/PHP02",68,69,1,237,119,0.502109705,9.56,17.7,705.38
"DEH1_2021","W10004_0659/PHZ51",71,71,0,271,149,0.549815498,10.78,18.7,719.54
"DEH1_2021","W10004_0661/PHK76",69,70,1,230,126,0.547826087,9.85,16.9,782.61
"DEH1_2021","W10004_0661/PHP02",68,71,0.357,230,123,0.534782609,12.6,18,734.98
"DEH1_2021","W10004_0661/PHZ51",70,72,2,230,115,0.5,10.66,16.4,760.73
"DEH1_2021","W10004_0664/PHK76",70,70.5,0.5,225,127,0.564444444,10.27,17.35,774.89
"DEH1_2021","W10004_0664/PHZ51",72,72,0,233,129,0.553648069,9.27,16.6,756.86
"DEH1_2021","W10004_0667/PHK76",66,67,1,223,112,0.502242152,10.25,16.7,758.15
"DEH1_2021","W10004_0667/PHP02",69.5,69.5,0,238,122,0.512605042,8.42,16.7,720.82
"DEH1_2021","W10004_0667/PHZ51",70,70,0,248,127,0.512096774,9.7,14.7,807.07
"DEH1_2021","W10004_0669/PHK76",69,66,0.357,242,131,0.541322314,10.37,16,790.33
"DEH1_2021","W10004_0669/PHP02",68,68,0,240,104,0.433333333,11.83,15.8,762.01
"DEH1_2021","W10004_0669/PHZ51",72,72,0,262,118,0.450381679,9.73,17.1,750.43
"DEH1_2021","W10004_0672/PHK76",68,68,0,230,98,0.426086957,10.26,15.7,795.48
"DEH1_2021","W10004_0672/PHP02",67.5,69.5,2,243.5,132,0.542094456,12.6,17.05,770.38
"DEH1_2021","W10004_0672/PHZ51",69,70,1,233,109,0.467811159,9.72,15.1,762.01
"DEH1_2021","W10004_0673/PHK76",69,71,2,247,125,0.506072874,9.56,18,786.47
"DEH1_2021","W10004_0673/PHP02",68,68.5,0.5,241.5,132.5,0.548654244,10.78,17.25,749.14
"DEH1_2021","W10004_0673/PHZ51",71,72,1,241,121,0.502074689,8.45,20.2,729.83
"DEH1_2021","W10004_0674/PHZ51",71,72,1,232,128,0.551724138,9.67,18.3,746.57
"DEH1_2021","W10004_0675/PHP02",67,66,-1,252,140,0.555555556,12.25,16.5,723.4
"DEH1_2021","W10004_0675/PHZ51",71,71,0,259,130,0.501930502,11.47,16.3,777.46
"DEH1_2021","W10004_0678/PHK76",69,70,1,223,120,0.538116592,7.89,14.9,771.02
"DEH1_2021","W10004_0678/PHP02",70,70,0,239,125,0.523012552,11.51,17.9,740.13
"DEH1_2021","W10004_0680/PHK76",69,68,-1,215,117,0.544186047,9.36,15,803.2
"DEH1_2021","W10004_0680/PHP02",69,70,1,221,115,0.520361991,10.5,15.7,794.19
"DEH1_2021","W10004_0680/PHZ51",72,72,0,244,127,0.520491803,9.49,15.5,809.64
"DEH1_2021","W10004_0682/PHK76",70,69,-1,226,115,0.508849558,7.23,15.1,789.04
"DEH1_2021","W10004_0682/PHP02",69,70,1,225,124,0.551111111,11.35,15.3,741.42
"DEH1_2021","W10004_0682/PHZ51",74,75,1,225,111,0.493333333,7.58,14.3,760.73
"DEH1_2021","W10004_0684/PHK76",70,71,1,209,97,0.464114833,8.46,17.2,781.32
"DEH1_2021","W10004_0684/PHP02",66,68,2,242,132,0.545454545,11.88,15.8,789.04
"DEH1_2021","W10004_0684/PHZ51",69,68,-1,246,115,0.467479675,9.96,14.5,782.61
"DEH1_2021","W10004_0685/PHK76",68,68,0,244,122,0.5,13.79,15.9,778.75
"DEH1_2021","W10004_0685/PHP02",65,65,0,214,99,0.462616822,13.88,15.4,746.57
"DEH1_2021","W10004_0685/PHZ51",70,70,0,242,98,0.404958678,11.56,17.3,754.29
"DEH1_2021","W10004_0687/PHK76",70,68.5,-1.5,235,125,0.531914894,12,16.75,785.83
"DEH1_2021","W10004_0687/PHP02",69,69,0,248,138,0.556451613,13.33,16.8,759.44
"DEH1_2021","W10004_0687/PHZ51",71,70,-1,249,131,0.526104418,10.41,16.6,771.02
"DEH1_2021","W10004_0688/PHK76",71,70,-1,222.5,111.5,0.501123596,12.43,16.65,788.4
"DEH1_2021","W10004_0688/PHP02",70,71,1,231,120,0.519480519,11.51,17.8,758.15
"DEH1_2021","W10004_0688/PHZ51",72,72,0,235,123,0.523404255,10.04,15.8,768.45
"DEH1_2021","W10004_0689/PHK76",70,70,0,235,103,0.438297872,9.83,17.6,795.48
"DEH1_2021","W10004_0689/PHP02",69,69,0,245,118,0.481632653,13,18.8,742.71
"DEH1_2021","W10004_0689/PHZ51",72,72,0,254,131,0.515748031,11.97,19.4,753
"DEH1_2021","W10004_0691/PHZ51",68,68,0,197,87,0.441624365,9.83,14,794.19
"DEH1_2021","W10004_0695/PHK76",69,71,2,270,127,0.47037037,12.59,17.3,780.03
"DEH1_2021","W10004_0695/PHP02",69,71,2,275,123,0.447272727,13.89,16.9,758.15
"DEH1_2021","W10004_0695/PHZ51",71,72,1,284,149,0.524647887,11.54,16,759.44
"DEH1_2021","W10004_0696/PHK76",70,70,0,278,142,0.510791367,9.19,17,780.03
"DEH1_2021","W10004_0696/PHP02",70,71,1,259,152,0.586872587,12.74,16.5,762.01
"DEH1_2021","W10004_0696/PHZ51",72,72,0,260,133,0.511538462,8.32,16.5,776.17
"DEH1_2021","W10004_0697/PHK76",68,69,1,266,114,0.428571429,13.27,17.4,785.18
"DEH1_2021","W10004_0697/PHZ51",69,70,1,255,122,0.478431373,11.72,16.2,777.46
"DEH1_2021","W10004_0701/PHK76",69,69,0,235,127,0.540425532,13.65,16.4,800.63
"DEH1_2021","W10004_0701/PHP02",69,69,0,272,123.2512,0.628676471,13.25,17.1,746.57
"DEH1_2021","W10004_0701/PHZ51",72,72,0,245,132,0.53877551,13.56,17.9,754.29
"DEH1_2021","W10004_0702/PHK76",69,69,0,223,106,0.475336323,9.26,18.1,774.89
"DEH1_2021","W10004_0702/PHP02",69,69,0,261,144,0.551724138,6.64,16.1,743.99
"DEH1_2021","W10004_0702/PHZ51",71,72,1,251.5,137,0.54473161,10.43,17.15,790.98
"DEH1_2021","W10004_0703/PHK76",70,70,0,236,122,0.516949153,11.42,16.4,786.47
"DEH1_2021","W10004_0703/PHP02",70,70,0,243,121,0.497942387,12.82,18.5,738.84
"DEH1_2021","W10004_0703/PHZ51",68,68,0,246,125,0.508130081,8.86,15.9,767.16
"DEH1_2021","W10004_0704/PHK76",70,71,1,247,131,0.530364372,15.07,17.4,773.6
"DEH1_2021","W10004_0704/PHP02",68,69,1,254,143.5,0.56496063,10.89,17.15,761.37
"DEH1_2021","W10004_0704/PHZ51",72,73,1,267,132,0.494382022,13.06,15.8,769.74
"DEH1_2021","W10004_0705/PHK76",68,69,1,226,115,0.508849558,5.62,15.1,764.59
"DEH1_2021","W10004_0705/PHP02",69.5,71,1.5,219.5,111,0.505694761,8.44,16.35,743.35
"DEH1_2021","W10004_0705/PHZ51",69.5,71.5,2,230,119,0.517391304,7.88,14.75,758.8
"DEH1_2021","W10004_0711/PHK76",68,68,0,219,119,0.543378995,10.56,14.6,777.46
"DEH1_2021","W10004_0711/PHP02",68,69,1,246,121,0.491869919,11.2,17.6,751.72
"DEH1_2021","W10004_0711/PHZ51",68,68,0,228,114,0.5,10.69,14,798.05
"DEH1_2021","W10004_0712/PHK76",69,69,0,249,137,0.550200803,13.88,16,795.48
"DEH1_2021","W10004_0712/PHP02",65,65,0,249,131,0.526104418,11.68,16.8,771.02
"DEH1_2021","W10004_0712/PHZ51",71,72,1,259,135,0.521235521,9.5,15.8,776.17
"DEH1_2021","W10004_0713/PHK76",68,68,0,209,99,0.473684211,11.35,16.5,747.85
"DEH1_2021","W10004_0713/PHP02",69,68,-1,222,122,0.54954955,13.05,17.6,746.57
"DEH1_2021","W10004_0713/PHZ51",69.5,70,0.5,231,102.5,0.443722944,8.94,17.9,749.79
"DEH1_2021","W10004_0714/PHK76",71,71,0,242,114,0.47107438,10.28,15.9,786.47
"DEH1_2021","W10004_0714/PHP02",69,69,0,235,129,0.54893617,11.76,17.1,741.42
"DEH1_2021","W10004_0714/PHZ51",72,73,1,263,155,0.589353612,11.75,17.8,756.86
"DEH1_2021","W10004_0715/PHK76",70,69,-1,236,119,0.504237288,12.46,17.5,781.32
"DEH1_2021","W10004_0715/PHZ51",70,71,1,262,140,0.534351145,5.12,16.7,796.77
"DEH1_2021","W10004_0717/PHK76",68,69,1,231,98.5,0.426406926,11.59,17.85,781.32
"DEH1_2021","W10004_0717/PHP02",68.5,70.5,2,234,114.5,0.489316239,8.96,17.25,747.85
"DEH1_2021","W10004_0717/PHZ51",69,72,0.357,274,122,0.445255474,9.88,16.8,773.6
"DEH1_2021","W10004_0723/PHP02",67,69,2,244.5,111.5,0.45603272,7.44,16.9,746.57
"DEH1_2021","W10004_0727/PHP02",68,69,1,236,134,0.56779661,12.65,15.6,762.01
"DEH1_2021","W10004_0727/PHZ51",72,72,0,247,125,0.506072874,7.5,16.4,754.29
"DEH1_2021","W10004_0729/PHK76",71,71,0,252,136,0.53968254,12.3,17.1,798.05
"DEH1_2021","W10004_0729/PHP02",69,69,0,269,160,0.594795539,10.91,17,769.74
"DEH1_2021","W10004_0729/PHZ51",71,71,0,279,142,0.508960573,12.38,17.2,778.75
"DEH1_2021","W10004_0732/PHK76",71,71,0,259,133,0.513513514,10.65,16.4,781.32
"DEH1_2021","W10004_0732/PHP02",69,69,0,242.5,136.5,0.562886598,11.07,16.65,765.23
"DEH1_2021","W10004_0732/PHZ51",70,70,0,265,134,0.505660377,7.32,16.6,774.89
"DEH1_2021","W10004_0733/PHK76",71,71,0,238,129,0.542016807,6.93,17.9,768.45
"DEH1_2021","W10004_0733/PHZ51",71,71,0,267,130,0.486891386,11.68,15.8,764.59
"DEH1_2021","W10004_0734/PHK76",70,70,0,241,121.5,0.504149378,11,18.1,783.9
"DEH1_2021","W10004_0734/PHP02",70,71,1,237,134,0.565400844,13.32,18.1,768.45
"DEH1_2021","W10004_0734/PHZ51",69,70,1,247,116,0.469635628,11.82,16.6,768.45
"DEH1_2021","W10004_0736/PHK76",69,69,0,237,126,0.53164557,11.32,16.7,778.75
"DEH1_2021","W10004_0736/PHP02",69,69,0,255,134,0.525490196,12.98,16.4,745.28
"DEH1_2021","W10004_0736/PHZ51",71,71,0,242,125,0.516528926,7.47,16.9,764.59
"DEH1_2021","W10004_0741/PHK76",68,68,0,218,107,0.490825688,11.05,16.3,758.15
"DEH1_2021","W10004_0741/PHP02",68,69,1,224,99,0.441964286,12.73,17.4,743.99
"DEH1_2021","W10004_0741/PHZ51",69,70,1,223,100,0.448430493,9.48,15.5,762.01
"DEH1_2021","W10004_0745/PHK76",69,69,0,237,122,0.514767932,11.11,16.7,781.32
"DEH1_2021","W10004_0745/PHP02",71,71,0,246,153,0.62195122,10.38,17.4,732.41
"DEH1_2021","W10004_0745/PHZ51",71,70.5,-0.5,254,119.5,0.470472441,9.51,17,742.71
"DEH1_2021","W10004_0746/PHK76",72,73,1,244,132,0.540983607,14.13,20.8,737.56
"DEH1_2021","W10004_0746/PHP02",72,74,2,245,137,0.559183673,12.88,19.6,746.57
"DEH1_2021","W10004_0746/PHZ51",73,75,2,250,148,0.592,12.92,19.6,755.58
"DEH1_2021","W10004_0747/PHP02",68,69,1,254,135,0.531496063,14.28,17.6,732.41
"DEH1_2021","W10004_0747/PHZ51",72,72.5,0.5,264.5,139.5,0.527410208,12.97,17.6,735.63
"DEH1_2021","W10004_0751/PHK76",68,68,0,241,106,0.439834025,10.2,17.8,765.88
"DEH1_2021","W10004_0751/PHP02",65.5,67.5,2,240,143.5,0.597916667,12.87,17.35,756.86
"DEH1_2021","W10004_0751/PHZ51",69.5465,69.9035,1,272,124,0.455882353,8.25,18.6,758.15
"DEH1_2021","W10004_0754/PHK76",70,69,-1,211,110.5,0.523696682,10.35,17.05,782.61
"DEH1_2021","W10004_0754/PHZ51",70,69,-1,219,127,0.579908676,8.02,14.7,787.76
"DEH1_2021","W10004_0756/PHK76",69,71,2,242,136,0.561983471,13.67,18.1,763.3
"DEH1_2021","W10004_0756/PHP02",69,70.5,1.5,254,135.5,0.533464567,14,18.5,725.97
"DEH1_2021","W10004_0756/PHZ51",70,71,1,277,157,0.566787004,12.85,16.8,764.59
"DEH1_2021","W10004_0757/PHP02",70,70,0,260,149,0.573076923,11.28,17.7,755.58
"DEH1_2021","W10004_0757/PHZ51",71,71,0,263,136,0.517110266,10.98,17.3,759.44
"DEH1_2021","W10004_0760/PHK76",67,67,0,220.5,116,0.526077098,10.83,15.85,785.83
"DEH1_2021","W10004_0760/PHP02",66,66,0,227,124,0.546255507,11.73,16.5,746.57
"DEH1_2021","W10004_0760/PHZ51",71,72,1,242,122,0.504132231,11.13,16.3,777.46
"DEH1_2021","W10004_0768/PHK76",70,70,0,209,111,0.531100478,11.19,17.8,759.44
"DEH1_2021","W10004_0768/PHP02",69,69,0,251,133,0.529880478,11.9,16.8,746.57
"DEH1_2021","W10004_0768/PHZ51",72.5,73,0.5,247,128.5,0.520242915,11.1,18,746.57
"DEH1_2021","W10004_0771/PHK76",68,69,1,224,108,0.482142857,10.25,15.5,795.48
"DEH1_2021","W10004_0771/PHP02",66,67,1,255,132,0.517647059,11.99,16,772.31
"DEH1_2021","W10004_0771/PHZ51",69,69.5,0.5,242.5,130,0.536082474,8.83,15.1,781.32
"DEH1_2021","W10004_0773/PHK76",69,69.5,0.5,229.5,121,0.527233115,11.86,18.1,778.75
"DEH1_2021","W10004_0773/PHZ51",71,72,1,227,109,0.480176211,9.73,16.7,789.04
"DEH1_2021","W10004_0774/PHK76",68,68,0,241,134,0.556016598,11.39,16.3,778.75
"DEH1_2021","W10004_0774/PHP02",69,71,2,254,141,0.55511811,13.7,16.7,753
"DEH1_2021","W10004_0775/PHK76",68,68,0,262,136,0.519083969,12.05,16.2,810.93
"DEH1_2021","W10004_0775/PHP02",69,70,1,261.5,139,0.531548757,11.45,15.9,780.03
"DEH1_2021","W10004_0775/PHZ51",73,74,1,256,154,0.6015625,11.78,17.1,745.28
"DEH1_2021","W10004_0776/PHP02",69,69,0,265,151,0.569811321,12.12,15.6,736.27
"DEH1_2021","W10004_0776/PHZ51",70,70,0,270,139,0.514814815,7.61,16,763.3
"DEH1_2021","W10004_0779/PHK76",69,69,0,234,110.5,0.472222222,6.64,16.6,753.65
"DEH1_2021","W10004_0779/PHP02",70,71,1,232,108,0.465517241,8.09,15.7,747.85
"DEH1_2021","W10004_0779/PHZ51",70.5,71,0.5,252.5,125.5,0.497029703,5.32,16.2,727.9
"DEH1_2021","W10004_0781/PHK76",70,70,0,256,142,0.5546875,9.32,14.5,816.08
"DEH1_2021","W10004_0781/PHP02",69,69,0,247,129,0.522267206,10.03,15.4,756.86
"DEH1_2021","W10004_0781/PHZ51",73,73,0,271,145,0.535055351,11.05,16.4,781.32
"DEH1_2021","W10004_0782/PHK76",70,70,0,255,120,0.470588235,10.95,18.6,785.18
"DEH1_2021","W10004_0782/PHZ51",72,72,0,251,123,0.490039841,10.94,17.8,774.89
"DEH1_2021","W10004_0783/PHP02",67,69,2,219,103,0.470319635,11.06,16.4,750.43
"DEH1_2021","W10004_0783/PHZ51",70.5,72,1.5,240.5,112,0.465696466,9.28,17.35,765.23
"DEH1_2021","W10004_0784/PHP02",70,72,2,256,137,0.53515625,13.84,17.8,737.56
"DEH1_2021","W10004_0784/PHZ51",71.5,73,1.5,255.5,134,0.52446184,10.4,16.55,757.51
"DEH1_2021","W10004_0787/PHP02",72,72,0,260,148,0.569230769,9.37,15.7,727.26
"DEH1_2021","W10004_0787/PHZ51",71.5,72.5,1,261.5,141.5,0.541108987,12.02,17,785.83
"DEH1_2021","W10004_0789/PHK76",70,71,1,250,132,0.528,9.83,17.3,805.78
"DEH1_2021","W10004_0789/PHP02",68,68,0,243,140,0.576131687,10.66,17.5,759.44
"DEH1_2021","W10004_0789/PHZ51",72,72,0,269,129,0.479553903,8.42,16.6,782.61
"DEH1_2021","W10004_0792/PHK76",68,68,0,241,125,0.518672199,10.59,16.2,768.45
"DEH1_2021","W10004_0792/PHP02",67,69,2,251,112,0.446215139,9.67,16.1,769.74
"DEH1_2021","W10004_0794/PHK76",70.5,70,-0.5,210,116.5,0.554761905,12.95,16.4,783.9
"DEH1_2021","W10004_0795/PHK76",68,68,0,218,105,0.481651376,10.94,14.9,805.78
"DEH1_2021","W10004_0795/PHP02",66.5,68,1.5,210,99.5,0.473809524,11.35,16.35,772.95
"DEH1_2021","W10004_0795/PHZ51",70,70,0,241,121,0.502074689,11.47,15.9,791.62
"DEH1_2021","W10004_0798/PHK76",70.5,70.5,0,224.5,114.5,0.510022272,9.41,16.8,776.17
"DEH1_2021","W10004_0798/PHP02",69.5,70,0.5,211.5,110,0.520094563,8.51,16.45,749.79
"DEH1_2021","W10004_0798/PHZ51",71,72,1,245,135,0.551020408,7.98,15.2,724.69
"DEH1_2021","W10004_0799/PHK76",71,71,0,243.5,124.5,0.511293634,6.9,19.25,745.92
"DEH1_2021","W10004_0799/PHP02",70,71,1,230,119,0.517391304,12.36,18.3,740.13
"DEH1_2021","W10004_0799/PHZ51",72,73,1,259.5,132,0.50867052,5.32,17.6,753
"DEH1_2021","W10004_0800/PHK76",68,68,0,240,112,0.466666667,13.11,17.4,787.76
"DEH1_2021","W10004_0800/PHP02",69,69,0,270,142,0.525925926,10.67,16.6,760.73
"DEH1_2021","W10004_0800/PHZ51",69.5,69.5,0,243.5,130,0.533880903,8.57,16.45,759.44
"DEH1_2021","W10004_0801/PHK76",69,68,-1,244,128,0.524590164,10.8,17.7,772.31
"DEH1_2021","W10004_0801/PHP02",66,66,0,241,136,0.564315353,13.07,19.8,728.55
"DEH1_2021","W10004_0801/PHZ51",70.5,70.5,0,244,111.5,0.456967213,10.97,19.1,755.58
"DEH1_2021","W10004_0802/PHK76",69,69,0,241,107,0.443983402,14.03,16.4,773.6
"DEH1_2021","W10004_0802/PHZ51",71,72,1,265,141.5,0.533962264,9.47,17.15,739.49
"DEH1_2021","W10004_0803/PHK76",69.5,69,-0.5,251.5,123.5,0.491053678,11.67,17.85,762.66
"DEH1_2021","W10004_0803/PHP02",66,66,0,253,157,0.62055336,7.57,16.4,756.86
"DEH1_2021","W10004_0806/PHK76",69,68.5,-0.5,279,132.5,0.474910394,10.54,15.7,795.48
"DEH1_2021","W10004_0806/PHP02",69,69,0,262,135,0.515267176,12.13,15.5,747.85
"DEH1_2021","W10004_0806/PHZ51",72,72,0,256,119.5,0.466796875,10.99,16.1,783.25
"DEH1_2021","W10004_0807/PHK76",68,68,0,246,131,0.532520325,10.46,16.7,760.73
"DEH1_2021","W10004_0807/PHP02",68,69,1,234,113,0.482905983,11.96,18.1,728.55
"DEH1_2021","W10004_0807/PHZ51",70,70.5,0.5,251,124,0.494023904,10.32,18.1,735.63
"DEH1_2021","W10004_0812/PHK76",71,71,0,256,133,0.51953125,12.05,16.5,805.78
"DEH1_2021","W10004_0812/PHP02",70,70,0,253,120,0.4743083,13.02,16.3,787.76
"DEH1_2021","W10004_0812/PHZ51",72,73,1,257,143,0.556420233,9.37,15.8,799.34
"DEH1_2021","W10004_0814/PHK76",71.5,71.5,0,250,131.5,0.526,9.95,17.75,759.44
"DEH1_2021","W10004_0814/PHP02",69,69,0,247,135.5,0.548582996,10.59,17,744.64
"DEH1_2021","W10004_0814/PHZ51",72,72,0,256,141,0.55078125,8.55,16.2,738.84
"DEH1_2021","W10004_0815/PHK76",67,67,0,224,95,0.424107143,11.73,15.9,773.6
"DEH1_2021","W10004_0815/PHZ51",71,70,-1,249,125,0.502008032,7.15,16.1,764.59
"DEH1_2021","W10004_0818/PHK76",70,69,-1,271,136,0.501845018,11.69,15.7,804.49
"DEH1_2021","W10004_0818/PHP02",69,69,0,259,142,0.548262548,10.6,16.8,747.85
"DEH1_2021","W10004_0818/PHZ51",69.5465,69.9035,1,263,133,0.505703422,8.47,19,740.13
"DEH1_2021","W10004_0819/PHK76",68,68,0,257,144,0.560311284,11.8,17,777.46
"DEH1_2021","W10004_0819/PHP02",70,71,1,242,123,0.508264463,14.09,15.9,755.58
"DEH1_2021","W10004_0819/PHZ51",71,72,1,250,133,0.532,14.01,17.2,764.59
"DEH1_2021","W10004_0820/PHK76",68,68,0,239,132,0.552301255,11.38,15.9,796.77
"DEH1_2021","W10004_0820/PHP02",70,70,0,240,133,0.554166667,12.44,16.9,765.88
"DEH1_2021","W10004_0822/PHK76",69,69,0,227,124,0.546255507,11.04,17.6,794.19
"DEH1_2021","W10004_0822/PHP02",67,67,0,230,118,0.513043478,10.79,17.4,773.6
"DEH1_2021","W10004_0822/PHZ51",71,71,0,235,101,0.429787234,8.86,16.4,787.76
"DEH1_2021","W10004_0823/PHK76",70,71,1,233,120,0.515021459,6.83,17.1,747.85
"DEH1_2021","W10004_0823/PHP02",66,67,1,242,109,0.450413223,12.32,17.6,728.55
"DEH1_2021","W10004_0823/PHZ51",68,68,0,245,117,0.47755102,9.06,15.9,763.3
"DEH1_2021","W10004_0826/PHK76",70,70,0,235,114,0.485106383,9.94,16.1,800.63
"DEH1_2021","W10004_0826/PHZ51",71.5,72,0.5,248,122,0.491935484,10.97,16.1,797.41
"DEH1_2021","W10004_0827/PHK76",71,72,1,235,110,0.468085106,12.49,17.8,792.91
"DEH1_2021","W10004_0827/PHP02",67,70,0.357,216,109,0.50462963,8.44,16.9,743.99
"DEH1_2021","W10004_0827/PHZ51",70,71,1,239,128,0.535564854,10.23,16.8,750.43
"DEH1_2021","W10004_0828/PHK76",71,71,0,253,121,0.47826087,11.8,17.4,764.59
"DEH1_2021","W10004_0828/PHP02",70,70,0,279,150,0.537634409,13.29,17.4,764.59
"DEH1_2021","W10004_0828/PHZ51",72,73,1,259,120,0.463320463,7.96,17.3,778.75
"DEH1_2021","W10004_0830/PHK76",70,70,0,250,118,0.472,13.01,18.5,782.61
"DEH1_2021","W10004_0830/PHP02",68,68.5,0.5,242.5,131,0.540206186,12.09,18,732.41
"DEH1_2021","W10004_0830/PHZ51",74,75,1,225,96,0.426666667,9.69,20,750.43
"DEH1_2021","W10004_0832/PHK76",68,69,1,200,91,0.455,9.48,15.4,760.73
"DEH1_2021","W10004_0832/PHP02",68.5,70,1.5,197,92,0.467005076,10.3,16.15,751.72
"DEH1_2021","W10004_0833/PHK76",72,72,0,243,151,0.621399177,9.53,17,764.59
"DEH1_2021","W10004_0833/PHP02",70,71,1,273,159,0.582417582,12.02,16.7,763.3
"DEH1_2021","W10004_0833/PHZ51",72,73,1,274,150,0.547445255,7.09,17.4,745.28
"DEH1_2021","W10004_0834/PHK76",69,68,-1,216,98,0.453703704,11.08,15.1,768.45
"DEH1_2021","W10004_0834/PHP02",68,69,1,250,116,0.464,8.25,17.6,728.55
"DEH1_2021","W10004_0834/PHZ51",70,70,0,248,129,0.52016129,5.47,16.5,732.41
"DEH1_2021","W10004_0836/PHK76",68,69,1,246,118,0.479674797,9.59,15.3,807.07
"DEH1_2021","W10004_0836/PHZ51",74,75,1,254,129,0.507874016,9.85,17.1,785.18
"DEH1_2021","W10004_0837/PHK76",67.5,66.5,-1,243.5,114,0.468172485,12.32,17.4,779.39
"DEH1_2021","W10004_0837/PHP02",68,69,1,244,126,0.516393443,10.99,16.5,764.59
"DEH1_2021","W10004_0837/PHZ51",69.5,69.5,0,266,119.5,0.44924812,9.73,16.6,770.38
"DEH1_2021","W10004_0840/PHK76",68,66,-2,226,102,0.451327434,12.65,16.3,743.99
"DEH1_2021","W10004_0840/PHP02",67,66.5,-0.5,227,107.5,0.473568282,12.47,17.3,698.94
"DEH1_2021","W10004_0840/PHZ51",69.5,69.5,0,225.5,100.5,0.445676275,11.06,16.4,740.78
"DEH1_2021","W10004_0842/PHK76",68.5,67.5,-1,225.5,116,0.514412417,11.81,16.35,782.61
"DEH1_2021","W10004_0842/PHP02",69,70,1,237,125,0.52742616,12.35,17.5,733.7
"DEH1_2021","W10004_0842/PHZ51",70,71,1,247,125,0.506072874,10.73,15.1,750.43
"DEH1_2021","W10004_0843/PHK76",68,67,-1,245,136,0.555102041,9.65,15.5,755.58
"DEH1_2021","W10004_0843/PHP02",70,71,1,211,109,0.516587678,11.93,18,740.13
"DEH1_2021","W10004_0843/PHZ51",69,70,1,231,107,0.463203463,8.62,15.1,749.14
"DEH1_2021","W10004_0844/PHK76",67,66,-1,211,94,0.44549763,11.36,15.7,782.61
"DEH1_2021","W10004_0844/PHP02",67,67,0,198,88,0.444444444,10.28,17.4,753
"DEH1_2021","W10004_0847/PHK76",68,68,0,217,121,0.557603687,12.34,15,808.35
"DEH1_2021","W10004_0847/PHP02",69,71,2,238,133,0.558823529,13.68,17.7,747.85
"DEH1_2021","W10004_0847/PHZ51",71,72,1,236,127,0.538135593,11.3,16.2,771.02
"DEH1_2021","W10004_0848/PHK76",70.5,70.5,0,258.5,138,0.53384913,13.47,17.2,783.25
"DEH1_2021","W10004_0848/PHP02",68,67.5,-0.5,214,87.5,0.408878505,12.58,16.7,759.44
"DEH1_2021","W10004_0848/PHZ51",71,71.5,0.5,277,151,0.545126354,8.41,17.3,758.15
"DEH1_2021","W10004_0851/PHZ51",70,71,1,255,144,0.564705882,10.11,16,754.29
"DEH1_2021","W10004_0852/PHP02",68.5,69,0.5,221,118.5,0.536199095,10.37,18.7,758.8
"DEH1_2021","W10004_0856/PHK76",68,69,1,218,107,0.490825688,12.86,16.1,799.34
"DEH1_2021","W10004_0856/PHP02",67,69,2,208,100,0.480769231,10.85,16.7,754.29
"DEH1_2021","W10004_0856/PHZ51",69,69.3,0.3,235.3,116.3,0.494262643,10.32,15.37,761.58
"DEH1_2021","W10004_0858/PHP02",69,70,1,231,105,0.454545455,10.96,16.1,765.88
"DEH1_2021","W10004_0858/PHZ51",71,72,1,252,109,0.432539683,8.48,14.8,771.02
"DEH1_2021","W10004_0859/PHK76",69.5,70,0.5,228.5,112,0.490153173,8.93,15.8,772.31
"DEH1_2021","W10004_0859/PHP02",69,69,0,209,108,0.516746411,10.46,15.5,755.58
"DEH1_2021","W10004_0859/PHZ51",72,74,2,250,130,0.52,8.79,16.6,745.28
"DEH1_2021","W10004_0866/PHK76",71,71,0,246,119,0.483739837,12.78,18.3,768.45
"DEH1_2021","W10004_0866/PHP02",68,69,1,258,126,0.488372093,14.1,20.3,732.41
"DEH1_2021","W10004_0866/PHZ51",74,75,1,264,140,0.53030303,10.96,16.76071,736.27
"DEH1_2021","W10004_0868/PHK76",69.5,69,-0.5,253,149.5,0.590909091,11.65,17.1,771.02
"DEH1_2021","W10004_0868/PHP02",70,70,0,244,134,0.549180328,13.05,17.4,746.57
"DEH1_2021","W10004_0868/PHZ51",72,73,1,252,139,0.551587302,9.62,18.4,738.84
"DEH1_2021","W10004_0869/PHK76",68,67,-1,217.5,101.5,0.466666667,7.64,15.9,795.48
"DEH1_2021","W10004_0869/PHP02",70,68,-2,235,115,0.489361702,10.36,15.9,754.29
"DEH1_2021","W10004_0876/PHK76",72,71,-1,234,125,0.534188034,9.62,18.4,771.02
"DEH1_2021","W10004_0876/PHZ51",73,72,-1,253,127,0.501976285,12.11,17.6,764.59
"DEH1_2021","W10004_0877/PHK76",68,68,0,226,119,0.526548673,9.74,16.2,771.02
"DEH1_2021","W10004_0877/PHP02",67.5,67.5,0,233,112,0.480686695,10.38,17.5,720.82
"DEH1_2021","W10004_0877/PHZ51",72,72,0,250,123,0.492,10.96,18.6,764.59
"DEH1_2021","W10004_0879/PHK76",67,67,0,225,98,0.435555556,12.93,16.8,776.17
"DEH1_2021","W10004_0879/PHP02",67,69,2,216,90,0.416666667,11.05,16.3,753
"DEH1_2021","W10004_0879/PHZ51",70,71,1,218,93,0.426605505,6.78,19.1,736.27
"DEH1_2021","W10004_0884/PHK76",71,71,0,251,124,0.494023904,12.38,17.9,764.59
"DEH1_2021","W10004_0884/PHP02",69.5,69.5,0,216,103.5,0.479166667,6.78,17.9,741.42
"DEH1_2021","W10004_0884/PHZ51",70,71,1,226,116,0.513274336,9.46,14.1,751.72
"DEH1_2021","W10004_0885/PHK76",69,68,-1,232,128,0.551724138,9.96,14.3,796.77
"DEH1_2021","W10004_0885/PHP02",72,73,1,220,115,0.522727273,9.16,16.3,767.16
"DEH1_2021","W10004_0885/PHZ51",70,70,0,248.5,142,0.571428571,9.33,15.6,775.53
"DEH1_2021","W10004_0886/PHP02",68,69,1,229,120,0.524017467,11.18,16.2,791.62
"DEH1_2021","W10004_0886/PHZ51",71,72,1,239,126,0.527196653,10.28,15.3,785.18
"DEH1_2021","W10004_0888/PHK76",70,70,0,240,119,0.495833333,13.11,19.6,764.59
"DEH1_2021","W10004_0888/PHP02",68,68,0,248,127,0.512096774,10.95,19.3,740.13
"DEH1_2021","W10004_0888/PHZ51",69,70,1,257,128,0.498054475,8.68,19.1,769.74
"DEH1_2021","W10004_0889/PHP02",65,65.5,0.5,224,105,0.46875,10.47,16.8,733.7
"DEH1_2021","W10004_0889/PHZ51",68,68,0,252,127,0.503968254,11.11,15.2,734.98
"DEH1_2021","W10004_0891/PHP02",69,71,2,243,105,0.432098765,10.63,16.1,795.48
"DEH1_2021","W10004_0891/PHZ51",72,74,2,245,125,0.510204082,10.96,18.3,774.89
"DEH1_2021","W10004_0892/PHK76",70,70,0,257,124,0.482490272,8.98,17.3,764.59
"DEH1_2021","W10004_0892/PHZ51",69,70,1,254,127,0.5,9.95,14.9,807.07
"DEH1_2021","W10004_0894/PHK76",68,68,0,234,111,0.474358974,13.09,16.6,769.74
"DEH1_2021","W10004_0894/PHP02",70,70,0,225,109,0.484444444,12.76,17.5,746.57
"DEH1_2021","W10004_0894/PHZ51",71.5,71.5,0,239,120.5,0.5041841,9.04,17.8,740.78
"DEH1_2021","W10004_0896/PHK76",70,70,0,262.7,143.7,0.547011801,10.63,16.03,789.47
"DEH1_2021","W10004_0896/PHP02",72,73,1,257,154,0.59922179,10.1,17.1,745.28
"DEH1_2021","W10004_0896/PHZ51",72,72,0,254,136,0.535433071,9.83,15.7,764.59
"DEH1_2021","W10004_0900/PHK76",69,68,-1,225,117,0.52,9.82,15.9,789.04
"DEH1_2021","W10004_0900/PHP02",69,69,0,233,109,0.467811159,12.22,16.2,743.99
"DEH1_2021","W10004_0900/PHZ51",72,72,0,287,147,0.512195122,10.37,16,759.44
"DEH1_2021","W10004_0901/PHK76",68,68.5,0.5,213,93.5,0.438967136,8.09,15.9,783.9
"DEH1_2021","W10004_0901/PHP02",68,69,1,236,123,0.521186441,7.27,15.5,776.17
"DEH1_2021","W10004_0901/PHZ51",70,71,1,238,105,0.441176471,9.8,16.4,781.32
"DEH1_2021","W10004_0907/PHK76",70.5,70.5,0,256,139.5,0.544921875,12.31,17.9,765.23
"DEH1_2021","W10004_0907/PHP02",69,69,0,262,130,0.496183206,12.72,17.1,756.86
"DEH1_2021","W10004_0907/PHZ51",70,70,0,242,126,0.520661157,10.18,17,764.59
"DEH1_2021","W10004_0913/PHK76",70,70,0,248,136,0.548387097,10.93,16.9,768.45
"DEH1_2021","W10004_0913/PHP02",69.5,70,0.5,247,147,0.5951417,11.85,16.45,738.84
"DEH1_2021","W10004_0913/PHZ51",70,71,1,267,140,0.524344569,9.22,13.6,734.98
"DEH1_2021","W10004_0914/PHK76",72,72,0,245,134,0.546938776,13.86,18.1,777.46
"DEH1_2021","W10004_0914/PHP02",70,71,1,260,146,0.561538462,11.91,18,745.28
"DEH1_2021","W10004_0914/PHZ51",73,74.5,1.5,261.5,134.5,0.514340344,9.63,16.85,766.52
"DEH1_2021","W10004_0916/PHP02",69,69,0,244,132,0.540983607,12.47,17.1,751.72
"DEH1_2021","W10004_0916/PHZ51",68,68,0,256,128,0.5,12.49,17.9,759.44
"DEH1_2021","W10004_0918/PHK76",69,69,0,232.5,119.5,0.513978495,11.42,17.05,776.82
"DEH1_2021","W10004_0918/PHP02",67,68,1,233,116,0.497854077,11.23,18.8,719.54
"DEH1_2021","W10004_0918/PHZ51",70,70,0,249,124,0.497991968,10.68,16.4,741.42
"DEH1_2021","W10004_0920/PHK76",69,69,0,213,108,0.507042254,7.64,16.9,756.86
"DEH1_2021","W10004_0920/PHP02",69,69,0,237,105,0.443037975,8.98,15.9,742.71
"DEH1_2021","W10004_0920/PHZ51",68,68,0,226,104,0.460176991,5.12,14.5,732.41
"DEH1_2021","W10004_0922/PHP02",69,68,-1,230,111,0.482608696,10.27,16.6,733.7
"DEH1_2021","W10004_0922/PHZ51",70,69,-1,259,129,0.498069498,10.75,15.9,776.17
"DEH1_2021","W10004_0928/PHK76",72,73,1,258,125,0.484496124,10.17,16,796.77
"DEH1_2021","W10004_0928/PHZ51",70,72,2,253,121,0.47826087,7.23,16.4,750.43
"DEH1_2021","W10004_0930/PHK76",68,68,0,230,119,0.517391304,15.18,17.3,771.02
"DEH1_2021","W10004_0930/PHP02",69,70,1,223,115,0.515695067,12.3,18.8,753
"DEH1_2021","W10004_0930/PHZ51",70,72,2,238,117,0.491596639,10.47,16.4,762.01
"DEH1_2021","W10004_0932/PHK76",69,69,0,254,116,0.456692913,12.49,17.5,800.63
"DEH1_2021","W10004_0932/PHP02",67,69,2,258,143,0.554263566,13.67,19.7,738.84
"DEH1_2021","W10004_0932/PHZ51",71,73,2,258,138,0.534883721,9.63,16.4,794.19
"DEH1_2021","W10004_0935/PHK76",66.5,67,0.5,220,96,0.436363636,9.95,15.9,769.09
"DEH1_2021","W10004_0935/PHP02",66.5,67,0.5,222.5,86.5,0.388764045,9.05,15.5,743.99
"DEH1_2021","W10004_0935/PHZ51",70,70,0,286,142,0.496503497,9.68,15.7,764.59
"DEH1_2021","W10004_0938/PHP02",69,70,1,253,118,0.466403162,11.09,15.4,763.3
"DEH1_2021","W10004_0940/PHK76",72,72,0,242,137,0.566115702,11.17,17.1,789.04
"DEH1_2021","W10004_0940/PHP02",69,70,1,253,115,0.454545455,12.93,17.6,759.44
"DEH1_2021","W10004_0943/PHK76",69,70,1,247,138,0.558704453,10.54,18.4,804.49
"DEH1_2021","W10004_0943/PHP02",68,69,1,264,140,0.53030303,12.07,18.1,768.45
"DEH1_2021","W10004_0949/PHK76",70,69,-1,249,120,0.481927711,12.24,17.1,803.2
"DEH1_2021","W10004_0949/PHP02",70,71,1,259,126,0.486486486,12.63,16.1,764.59
"DEH1_2021","W10004_0949/PHZ51",71,71,0,263,140,0.532319392,10.62,15.6,791.62
"DEH1_2021","W10004_0950/PHK76",69,68,-1,228,100,0.438596491,10.83,17.1,767.16
"DEH1_2021","W10004_0950/PHP02",67,66,-1,206,112,0.54368932,7.94,15.3,738.84
"DEH1_2021","W10004_0950/PHZ51",69,68,-1,242,115,0.475206612,9.72,15,780.03
"DEH1_2021","W10004_0951/PHK76",69,70,1,235,118,0.50212766,9.8,17.9,753
"DEH1_2021","W10004_0951/PHP02",65,65,0,234,121,0.517094017,12.02,19.9,763.85509
"DEH1_2021","W10004_0951/PHZ51",70,72,2,249,119,0.477911647,7.71,16.2,741.42
"DEH1_2021","W10004_0953/PHK76",68,68,0,224,112,0.5,8.99,15.4,795.48
"DEH1_2021","W10004_0953/PHP02",69,70,1,232,114,0.49137931,10.41,16.4,747.85
"DEH1_2021","W10004_0953/PHZ51",68,70,2,244,103,0.422131148,10.3,15.8,755.58
"DEH1_2021","W10004_0955/PHK76",70,71,1,235,135,0.574468085,6.32,16.7,794.19
"DEH1_2021","W10004_0955/PHP02",70,71,1,257,158,0.614785992,16.01,19,736.27
"DEH1_2021","W10004_0955/PHZ51",70,71.5,1.5,240.5,115,0.478170478,7.42,16.4,743.99
"DEH1_2021","W10004_0956/PHK76",70,69,-1,232,127,0.547413793,10.23,16.9,788.4
"DEH1_2021","W10004_0956/PHP02",69,70,1,257,144,0.560311284,11.44,17.1,767.16
"DEH1_2021","W10004_0956/PHZ51",70,70,0,243,118,0.485596708,6.12,18,743.99
"DEH1_2021","W10004_0963/PHP02",69.5,71.5,2,254.5,130,0.510805501,13.23,18.9,726.62
"DEH1_2021","W10004_0963/PHZ51",70,72,2,269,126,0.468401487,8.92,16.4,736.27
"DEH1_2021","W10004_0964/PHP02",67,69,2,208,108,0.519230769,11.62,16,742.71
"DEH1_2021","W10004_0964/PHZ51",70,70,0,235,114,0.485106383,10.27,16.6,750.43
"DEH1_2021","W10004_0965/PHK76",70,70,0,223,120,0.538116592,10.2,18.7,751.72
"DEH1_2021","W10004_0965/PHZ51",68,69,1,235.5,110,0.494262643,6.97,18.2,736.27
"DEH1_2021","W10004_0966/PHK76",69,68,-1,237,135,0.569620253,12.47,17.5,771.02
"DEH1_2021","W10004_0966/PHP02",69,70,1,259.5,140,0.539499037,13.24,18.9,729.19
"DEH1_2021","W10004_0966/PHZ51",70,70,0,255,129,0.505882353,10.75,18.1,746.57
"DEH1_2021","W10004_0969/PHK76",68,68,0,232,125,0.538793103,10.22,16.9,782.61
"DEH1_2021","W10004_0969/PHP02",66,69,0.357,227,107,0.471365639,9.02,16.4,767.16
"DEH1_2021","W10004_0969/PHZ51",71,72,1,239,124,0.518828452,7.8,16.9,732.41
"DEH1_2021","W10004_0970/PHK76",69,69,0,263,120,0.456273764,8.97,17.4,754.29
"DEH1_2021","W10004_0970/PHP02",70,71,1,246,149,0.605691057,10.28,17,745.28
"DEH1_2021","W10004_0970/PHZ51",72,72,0,256,121,0.47265625,9.38,18.9,737.56
"DEH1_2021","W10004_0971/PHK76",68.5,68.5,0,223.5,115,0.514541387,9.07,14.9,796.12
"DEH1_2021","W10004_0971/PHP02",69,70,1,215,113,0.525581395,8.78,14.6,776.17
"DEH1_2021","W10004_0971/PHZ51",70,70,0,226,108,0.477876106,8.25,13.1,801.92
"DEH1_2021","W10004_0974/PHK76",71,71,0,234,107,0.457264957,12.27,16.9,791.62
"DEH1_2021","W10004_0974/PHP02",65,67,2,232,113,0.487068966,14.4,16.3,778.75
"DEH1_2021","W10004_0974/PHZ51",72,72,0,238,114,0.478991597,11.81,17.7,764.59
"DEH1_2021","W10004_0975/PHK76",69,68,-1,229,118,0.515283843,12.69,16.1,795.48
"DEH1_2021","W10004_0975/PHP02",67,69,2,239,121,0.506276151,13.34,17.2,755.58
"DEH1_2021","W10004_0975/PHZ51",68.5,68.5,0,254.5,123.5,0.485265226,10.25,17.5,756.86
"DEH1_2021","W10004_0981/PHK76",69,68,-1,232,99,0.426724138,12.8,16.2,787.76
"DEH1_2021","W10004_0981/PHP02",69,69,0,246,146,0.593495935,13.58,17.3,738.84
"DEH1_2021","W10004_0981/PHZ51",69,70,1,250,127,0.508,13.35,17.1,773.6
"DEH1_2021","W10004_0982/PHK76",70,69,-1,215,102,0.474418605,7.47,16.8,777.46
"DEH1_2021","W10004_0982/PHP02",70,71,1,243,122,0.502057613,10.77,16.8,765.88
"DEH1_2021","W10004_0984/PHK76",70,69,-1,240,96,0.4,5.68,17.6,764.59
"DEH1_2021","W10004_0984/PHP02",68,69,1,249,130,0.522088353,10.46,17.4,741.42
"DEH1_2021","W10004_0984/PHZ51",72,72,0,238,102,0.428571429,5.39,18.3,732.41
"DEH1_2021","W10004_0988/PHK76",68,68,0,229,121,0.528384279,10.11,15.8,800.63
"DEH1_2021","W10004_0988/PHP02",68,69,1,262,144,0.549618321,11.94,15.8,741.42
"DEH1_2021","W10004_0988/PHZ51",70,68,-2,256,136,0.53125,7.99,16.2,773.6
"DEH1_2021","W10004_0991/PHK76",70,70,0,221,103,0.466063348,12.53,19.1,760.73
"DEH1_2021","W10004_0991/PHP02",68.5,68.5,0,223.5,93.5,0.418344519,12.75,18,734.98
"DEH1_2021","W10004_0991/PHZ51",70,70,0,255,132,0.517647059,11.06,18.4,732.41
"DEH1_2021","W10004_0996/PHK76",71,71,0,245,140,0.571428571,12.34,16.1,801.92
"DEH1_2021","W10004_0996/PHP02",72,72,0,252,153,0.607142857,12.53,16.7,764.59
"DEH1_2021","W10004_0996/PHZ51",72,71,-1,275,159,0.578181818,11.33,17.5,778.75
"DEH1_2021","W10004_0997/PHK76",65,65,0,241.9288,113,0.509113484743,10,14.3,792.91
"DEH1_2021","W10004_0997/PHP02",66,65,-1,212,102,0.481132075,10.48,15.1,755.58
"DEH1_2021","W10004_0997/PHZ51",68,67,-1,230.5,102,0.442516269,10.4,14.55,782.61
"DEH1_2021","W10004_1000/PHK76",69,69,0,217,114,0.525345622,10.62,16.8,790.33
"DEH1_2021","W10004_1000/PHP02",69,70,1,246,155,0.630081301,12.98,17.8,747.85
"DEH1_2021","W10004_1000/PHZ51",72,73,1,267,134,0.501872659,11.87,17.5,773.6
"DEH1_2021","W10004_1001/PHP02",67,67,0,257,122,0.474708171,12.51,16.1,763.3
"DEH1_2021","W10004_1001/PHZ51",68,68,0,238,90,0.378151261,8.31,15.3,780.03
"DEH1_2021","W10004_1002/PHK76",70,71,1,237,119,0.502109705,11.93,17,786.47
"DEH1_2021","W10004_1002/PHP02",70,72,2,238,119,0.5,12.39,16.8,731.12
"DEH1_2021","W10004_1002/PHZ51",70,71,1,238.5,120.5,0.50524109,11.95,16.55,774.89
"DEH1_2021","W10004_1004/PHK76",67,67,0,234,100,0.427350427,9.5,16.6,786.47
"DEH1_2021","W10004_1004/PHP02",67,69,2,251,104,0.414342629,11.96,18.2,753
"DEH1_2021","W10004_1004/PHZ51",69,69,0,240,130,0.541666667,8.03,15.9,755.58
"DEH1_2021","W10004_1007/PHZ51",69,71,2,252,117,0.464285714,11.24,16.9,746.57
"DEH1_2021","W10004_1011/PHK76",72,72,0,226,116,0.513274336,12.16,17.2,750.43
"DEH1_2021","W10004_1011/PHZ51",70,70,0,250.5,111.5,0.44510978,9.8,17,742.71
"DEH1_2021","W10004_1014/PHK76",70,70,0,243,123,0.50617284,14.32,17.5,800.63
"DEH1_2021","W10004_1014/PHP02",68,69,1,247,148,0.599190283,13.81,17.2,768.45
"DEH1_2021","W10004_1015/PHK76",69,69,0,248.5,120,0.482897384,12.56,17,787.11
"DEH1_2021","W10004_1015/PHP02",69,69,0,249,132,0.530120482,12.73,16.3,747.85
"DEH1_2021","W10004_1015/PHZ51",71,72,1,271,135,0.498154982,11.31,17,751.72
"DEH1_2021","W10004_1018/PHK76",68,68,0,244,125,0.512295082,12.2,16.2,794.19
"DEH1_2021","W10004_1018/PHP02",66.5,67.5,1,262,141,0.538167939,12.65,16.55,760.08
"DEH1_2021","W10004_1018/PHZ51",70,70,0,279,150,0.537634409,13.43,17.8,760.73
"DEH1_2021","W10004_1020/PHK76",68,68,0,237,120,0.506329114,12.23,16.7,786.47
"DEH1_2021","W10004_1020/PHP02",66,66,0,238,124,0.521008403,10.64,17.8,705.38
"DEH1_2021","W10004_1020/PHZ51",68,68,0,245,129,0.526530612,8.31,15.9,697.65
"DEH1_2021","W10004_1032/PHK76",68,67,-1,256,118,0.4609375,6.99,14.3,785.18
"DEH1_2021","W10004_1032/PHP02",67,67,0,218,136,0.623853211,9.51,16.1,750.43
"DEH1_2021","W10004_1032/PHZ51",70.5,70.5,0,241.9288,104.5,0.57260274,7.18,14.85,759.44
"DEH1_2021","W10004_1037/PHK76",68,68,0,233,113,0.484978541,12.59,17.2,765.88
"DEH1_2021","W10004_1037/PHP02",69,70,1,239,125,0.523012552,12.66,19.3,731.12
"DEH1_2021","W10004_1037/PHZ51",70,71,1,247,115,0.465587045,10.55,15.8,776.17
"DEH1_2021","W10004_1045/PHK76",71,72,1,240,138,0.575,14.51,17.9,765.88
"DEH1_2021","W10004_1045/PHP02",71,71,0,244,125,0.512295082,14.63,17.2,746.57
"DEH1_2021","W10004_1045/PHZ51",70,71,1,261,141,0.540229885,9.02,17.9,738.84
"DEH1_2021","W10004_1052/PHK76",70,70,0,202,84,0.415841584,6.45,15,743.99
"DEH1_2021","W10004_1052/PHP02",68,70,2,214,95,0.443925234,11.7,17.3,728.55
"DEH1_2021","W10004_1052/PHZ51",68,68,0,236,113,0.478813559,11.26,14.5,738.84
"DEH1_2021","W10004_1057/PHK76",69,71,2,228,124,0.543859649,13.47,15.6,809.64
"DEH1_2021","W10004_1057/PHP02",67.5,68,0.5,253.5,132.5,0.522682446,12.4,17.05,767.16
"DEH1_2021","W10004_1063/PHK76",71,71,0,248,124,0.5,10.9,16.5,791.62
"DEH1_2021","W10004_1063/PHZ51",70,71,1,271,136,0.501845018,10.74,16.1,786.47
"DEH1_2021","W10004_1064/PHK76",71,70,-1,216,115,0.532407407,9.89,16.8,764.59
"DEH1_2021","W10004_1064/PHP02",72,72,0,219,119,0.543378995,13.27,17.7,758.15
"DEH1_2021","W10004_1064/PHZ51",69,69,0,222,122,0.54954955,8.38,15.7,747.85
"DEH1_2021","W10004_1072/PHK76",70,70,0,260,157,0.603846154,13.32,17.8,776.17
"DEH1_2021","W10004_1072/PHP02",69,70,1,258,147,0.569767442,14.17,18.2,746.57
"DEH1_2021","W10004_1072/PHZ51",71,70,-1,275,149,0.541818182,11.39,18,751.72
"DEH1_2021","W10004_1080/PHK76",69,68,-1,254,136,0.535433071,12.73,17.2,759.44
"DEH1_2021","W10004_1080/PHP02",66,67,1,236,117,0.495762712,13.79,17,738.84
"DEH1_2021","W10004_1080/PHZ51",72,72,0,248,123,0.495967742,7.88,18.3,747.85
"DEH1_2021","W10004_1081/PHK76",70,70,0,241,125,0.518672199,8.51,17.1,713.1
"DEH1_2021","W10004_1081/PHP02",67,69,2,231,111,0.480519481,10.39,16,733.7
"DEH1_2021","W10004_1081/PHZ51",69,71,2,248,129,0.52016129,10.15,15.2,749.14
"DEH1_2021","W10004_1084/PHK76",69,70,1,224,110,0.491071429,12.57,15,791.62
"DEH1_2021","W10004_1084/PHP02",68,69,1,261,132,0.505747126,11.67,17.1,725.97
"DEH1_2021","W10004_1084/PHZ51",73,74,1,246,122,0.495934959,8.3,15.4,742.71
"DEH1_2021","W10004_1099/PHK76",69,69,0,222,118,0.531531532,6.64,16,782.61
"DEH1_2021","W10004_1099/PHP02",67,69,2,238,117,0.491596639,9.44,16.9,759.44
"DEH1_2021","W10004_1099/PHZ51",69,69,0,241,126,0.522821577,8.26,16.1,760.73
"DEH1_2021","W10004_1104/PHK76",70,70,0,225,91,0.404444444,10.03,16.7,804.49
"DEH1_2021","W10004_1104/PHP02",70,71,1,232,111,0.478448276,11.71,16.5,756.86
"DEH1_2021","W10004_1104/PHZ51",70,71,1,245,123,0.502040816,10.13,14.7,768.45
"DEH1_2021","W10004_1105/PHP02",66,67,1,224,95,0.424107143,12.18,17.3,754.29
"DEH1_2021","W10004_1112/PHK76",69,69,0,235,122,0.519148936,12.21,14.9,804.49
"DEH1_2021","W10004_1112/PHP02",67,68.5,1.5,224.5,114,0.5077951,11.98,16.75,753.65
"DEH1_2021","W10004_1112/PHZ51",70,71,1,244,131,0.536885246,12.44,15.8,780.03
"DEH1_2021","W10004_1117/PHK76",65,66,1,249,119,0.477911647,11.2,14.5,791.62
"DEH1_2021","W10004_1117/PHP02",70,70,0,236,115,0.487288136,12.32,17,753
"DEH1_2021","W10004_1117/PHZ51",72,72,0,233,121,0.519313305,8.42,15.1,747.85
"DEH1_2021","W10004_1118/PHK76",70,70,0,228,116,0.50877193,12.98,17.8,791.62
"DEH1_2021","W10004_1118/PHP02",69,69.5,0.5,235,128,0.544680851,13.36,18.75,768.45
"DEH1_2021","W10004_1118/PHZ51",69,69,0,240,131,0.545833333,12.78,18.45,756.86
"DEH1_2021","W10004_1123/PHK76",68,69,1,241.9288,123.2512,0.408602151,6.35,14.2,791.62
"DEH1_2021","W10004_1123/PHP02",66,67,1,241.9288,83,0.49112426,8.8,15.3,759.44
"DEH1_2021","W10004_1123/PHZ51",69,69,0,190,80,0.421052632,7.41,15.9,765.88
"DEH1_2021","W10004_1140/PHK76",71,70,-1,254,135,0.531496063,10.65,15,777.46
"DEH1_2021","W10004_1140/PHZ51",72,72,0,250,124,0.496,8.54,16,765.88
"DEH1_2021","W10004_1143/PHP02",68,68,0,252,143,0.567460317,12.55,16.4,760.73
"DEH1_2021","W10004_1143/PHZ51",71,71,0,260,128,0.492307692,11.44,16.6,763.3
"DEH1_2021","W10004_1146/PHP02",70,71,1,218,95,0.435779817,7.07,16.7,746.57
"DEH1_2021","W10004_1146/PHZ51",71,72,1,252,137,0.543650794,7.12,15.5,742.06
"DEH1_2021","W10004_1156/PHK76",68,68,0,243,131,0.53909465,11.78,16.1,759.44
"DEH1_2021","W10004_1156/PHP02",67,67,0,221,90,0.407239819,13.29,14.9,772.31
"DEH1_2021","W10004_1156/PHZ51",72,72,0,214,93,0.434579439,6.62,14.5,764.59
